trace_id,status,proof_kind,test_id,golden_id,golden_sha256,design_node_id,device_evidence_id,evidence_path,evidence_sha256,verified_at,reviewer,notes_append
UI031-TRACE-SCREEN-P1-01,PASS,SCREEN_RUNTIME_GOLDEN_AND_W3,mobile/test/visual/phase1_entry_golden_test.dart#P1-01 Onboarding golden at 390x844,mobile/test/visual/goldens/day13/p1-01-onboarding-390x844.png,6FE6F051380F41128DA537F2E46D8BFCB3CEE9390540DDAC2CB95BA5E445C818,462:5,N/A,output-evidence/ui-v031/UI-CC-2026-07-21-G4B/W8/cta-row-proof-20260723/runtime-goldens-71-pass.raw.txt,EC6E7E073BC62B22C34AD873A5CACC993CFC2AE3B8BDE7670297CB3DDA0DA274,2026-07-22T17:50:00+07:00,Codex deterministic evidence reconciliation; Product Owner G4B sign-off pending,proof_id=W3-CAN-P1-01-390x844;w3_matrix_sha256=D9F295525E261D797823F06E872472C0CAB2C2F599F57AB8A74126F1B8D3468A;w3_audit_sha256=5D5DBCB8C12C1768A174B299DE5E4FE818C80B6989C23D3453473698172BAB0F;golden_manifest=docs/qa/ui-v031/W8_RUNTIME_GOLDEN_HASHES.json
UI031-TRACE-SCREEN-P1-02,PASS,SCREEN_RUNTIME_GOLDEN_AND_W3,mobile/test/visual/phase1_entry_golden_test.dart#P1-02 Login golden at 390x844,mobile/test/visual/goldens/day13/p1-02-login-error-390x844.png,B81781881D33B2EF5A2779F130A61357AA2B7C39081309A1FFD28193507AF596,462:22,N/A,output-evidence/ui-v031/UI-CC-2026-07-21-G4B/W8/cta-row-proof-20260723/runtime-goldens-71-pass.raw.txt,EC6E7E073BC62B22C34AD873A5CACC993CFC2AE3B8BDE7670297CB3DDA0DA274,2026-07-22T17:50:00+07:00,Codex deterministic evidence reconciliation; Product Owner G4B sign-off pending,proof_id=W3-CAN-P1-02-390x844;w3_matrix_sha256=D9F295525E261D797823F06E872472C0CAB2C2F599F57AB8A74126F1B8D3468A;w3_audit_sha256=5D5DBCB8C12C1768A174B299DE5E4FE818C80B6989C23D3453473698172BAB0F;golden_manifest=docs/qa/ui-v031/W8_RUNTIME_GOLDEN_HASHES.json
UI031-TRACE-SCREEN-P1-03,PASS,SCREEN_RUNTIME_GOLDEN_AND_W3,mobile/test/visual/phase1_register_otp_golden_test.dart#P1-03 Register golden at 390x844,mobile/test/visual/goldens/day14/p1-03-register-390x844.png,74419A0CA30A0AEF4CAA25B9922EDA3DDE0DE10F0FA33EBE4C138133383A6AC9,462:45,N/A,output-evidence/ui-v031/UI-CC-2026-07-21-G4B/W8/cta-row-proof-20260723/runtime-goldens-71-pass.raw.txt,EC6E7E073BC62B22C34AD873A5CACC993CFC2AE3B8BDE7670297CB3DDA0DA274,2026-07-22T17:50:00+07:00,Codex deterministic evidence reconciliation; Product Owner G4B sign-off pending,proof_id=W3-CAN-P1-03-390x844;w3_matrix_sha256=D9F295525E261D797823F06E872472C0CAB2C2F599F57AB8A74126F1B8D3468A;w3_audit_sha256=5D5DBCB8C12C1768A174B299DE5E4FE818C80B6989C23D3453473698172BAB0F;golden_manifest=docs/qa/ui-v031/W8_RUNTIME_GOLDEN_HASHES.json
UI031-TRACE-SCREEN-P1-04,PASS,SCREEN_RUNTIME_GOLDEN_AND_W3,mobile/test/visual/phase1_register_otp_golden_test.dart#P1-04 OTP Verification golden at 390x844,mobile/test/visual/goldens/day14/p1-04-otp-390x844.png,DDF6D234BD1156F91BBA9A5C9684F0A4D9198F04C83054B3E2D29903C8B50691,462:70,N/A,output-evidence/ui-v031/UI-CC-2026-07-21-G4B/W8/cta-row-proof-20260723/runtime-goldens-71-pass.raw.txt,EC6E7E073BC62B22C34AD873A5CACC993CFC2AE3B8BDE7670297CB3DDA0DA274,2026-07-22T17:50:00+07:00,Codex deterministic evidence reconciliation; Product Owner G4B sign-off pending,proof_id=W3-CAN-P1-04-390x844;w3_matrix_sha256=D9F295525E261D797823F06E872472C0CAB2C2F599F57AB8A74126F1B8D3468A;w3_audit_sha256=5D5DBCB8C12C1768A174B299DE5E4FE818C80B6989C23D3453473698172BAB0F;golden_manifest=docs/qa/ui-v031/W8_RUNTIME_GOLDEN_HASHES.json
UI031-TRACE-SCREEN-P1-05,PASS,SCREEN_RUNTIME_GOLDEN_AND_W3,mobile/test/visual/phase1_pet_golden_test.dart#P1-05 Pet List golden at 390x844,mobile/test/visual/goldens/day18/p1-05-pet-list-390x844.png,1DFA979A7CDA76071FD83CABEE2337DFE995CC251A90A083D3D6B29A73D30E47,462:99,N/A,output-evidence/ui-v031/UI-CC-2026-07-21-G4B/W8/cta-row-proof-20260723/runtime-goldens-71-pass.raw.txt,EC6E7E073BC62B22C34AD873A5CACC993CFC2AE3B8BDE7670297CB3DDA0DA274,2026-07-22T17:50:00+07:00,Codex deterministic evidence reconciliation; Product Owner G4B sign-off pending,proof_id=W3-CAN-P1-05-390x844;w3_matrix_sha256=D9F295525E261D797823F06E872472C0CAB2C2F599F57AB8A74126F1B8D3468A;w3_audit_sha256=5D5DBCB8C12C1768A174B299DE5E4FE818C80B6989C23D3453473698172BAB0F;golden_manifest=docs/qa/ui-v031/W8_RUNTIME_GOLDEN_HASHES.json
UI031-TRACE-SCREEN-P1-06,PASS,SCREEN_RUNTIME_GOLDEN_AND_W3,mobile/test/visual/phase1_pet_golden_test.dart#P1-06 Pet Form golden at 390x844,mobile/test/visual/goldens/day18/p1-06-pet-form-390x844.png,93529733B7C1AC343A278A57EB2399CAAD8499A9A4B2D8F7CDADC67FCB6FF548,462:157,N/A,output-evidence/ui-v031/UI-CC-2026-07-21-G4B/W8/cta-row-proof-20260723/runtime-goldens-71-pass.raw.txt,EC6E7E073BC62B22C34AD873A5CACC993CFC2AE3B8BDE7670297CB3DDA0DA274,2026-07-22T17:50:00+07:00,Codex deterministic evidence reconciliation; Product Owner G4B sign-off pending,proof_id=W3-CAN-P1-06-390x844;w3_matrix_sha256=D9F295525E261D797823F06E872472C0CAB2C2F599F57AB8A74126F1B8D3468A;w3_audit_sha256=5D5DBCB8C12C1768A174B299DE5E4FE818C80B6989C23D3453473698172BAB0F;golden_manifest=docs/qa/ui-v031/W8_RUNTIME_GOLDEN_HASHES.json
UI031-TRACE-SCREEN-P1-07,PASS,SCREEN_RUNTIME_GOLDEN_AND_W3,mobile/test/visual/phase1_home_profile_golden_test.dart#P1-07 Home golden at 390x844,mobile/test/visual/goldens/day19/p1-07-home-390x844.png,34ADFB8F065CC9F2A54EE4014C9D413E7666CEF52D5920396EA351D9C2A22597,462:206,N/A,output-evidence/ui-v031/UI-CC-2026-07-21-G4B/W8/cta-row-proof-20260723/runtime-goldens-71-pass.raw.txt,EC6E7E073BC62B22C34AD873A5CACC993CFC2AE3B8BDE7670297CB3DDA0DA274,2026-07-22T17:50:00+07:00,Codex deterministic evidence reconciliation; Product Owner G4B sign-off pending,proof_id=W3-CAN-P1-07-390x844;w3_matrix_sha256=D9F295525E261D797823F06E872472C0CAB2C2F599F57AB8A74126F1B8D3468A;w3_audit_sha256=5D5DBCB8C12C1768A174B299DE5E4FE818C80B6989C23D3453473698172BAB0F;golden_manifest=docs/qa/ui-v031/W8_RUNTIME_GOLDEN_HASHES.json
UI031-TRACE-SCREEN-P1-08,PASS,SCREEN_RUNTIME_GOLDEN_AND_W3,mobile/test/visual/day23_vet_finder_golden_test.dart#P1-08 Vet Finder Map golden at 390x844,mobile/test/visual/goldens/day23/p1-08-vet-map-390x844.png,32E63A41EB1A8EFCA60DD5D681298078F40A274D96FEEC0704C797C80B26D1B3,462:294,N/A,output-evidence/ui-v031/UI-CC-2026-07-21-G4B/W8/cta-row-proof-20260723/runtime-goldens-71-pass.raw.txt,EC6E7E073BC62B22C34AD873A5CACC993CFC2AE3B8BDE7670297CB3DDA0DA274,2026-07-22T17:50:00+07:00,Codex deterministic evidence reconciliation; Product Owner G4B sign-off pending,proof_id=W3-CAN-P1-08-390x844;w3_matrix_sha256=D9F295525E261D797823F06E872472C0CAB2C2F599F57AB8A74126F1B8D3468A;w3_audit_sha256=5D5DBCB8C12C1768A174B299DE5E4FE818C80B6989C23D3453473698172BAB0F;golden_manifest=docs/qa/ui-v031/W8_RUNTIME_GOLDEN_HASHES.json
UI031-TRACE-SCREEN-P1-09,PASS,SCREEN_RUNTIME_GOLDEN_AND_W3,mobile/test/visual/day23_vet_finder_golden_test.dart#P1-09 Vet Finder List golden at 390x844,mobile/test/visual/goldens/day23/p1-09-vet-list-390x844.png,018A77B74531B00A6674840157A04E1119F1052DA466686B644EA42488D74ADC,462:392,N/A,output-evidence/ui-v031/UI-CC-2026-07-21-G4B/W8/cta-row-proof-20260723/runtime-goldens-71-pass.raw.txt,EC6E7E073BC62B22C34AD873A5CACC993CFC2AE3B8BDE7670297CB3DDA0DA274,2026-07-22T17:50:00+07:00,Codex deterministic evidence reconciliation; Product Owner G4B sign-off pending,proof_id=W3-CAN-P1-09-390x844;w3_matrix_sha256=D9F295525E261D797823F06E872472C0CAB2C2F599F57AB8A74126F1B8D3468A;w3_audit_sha256=5D5DBCB8C12C1768A174B299DE5E4FE818C80B6989C23D3453473698172BAB0F;golden_manifest=docs/qa/ui-v031/W8_RUNTIME_GOLDEN_HASHES.json
UI031-TRACE-SCREEN-P1-10,PASS,SCREEN_RUNTIME_GOLDEN_AND_W3,mobile/test/visual/day24_vet_detail_review_golden_test.dart#P1-10 Vet Detail golden at 390x844,mobile/test/visual/goldens/day24/p1-10-vet-detail-390x844.png,825AEB6CCD4AF1749C58F4C99D9569B98AC893FEDC180B7C3724B36323F200C7,462:475,N/A,output-evidence/ui-v031/UI-CC-2026-07-21-G4B/W8/cta-row-proof-20260723/runtime-goldens-71-pass.raw.txt,EC6E7E073BC62B22C34AD873A5CACC993CFC2AE3B8BDE7670297CB3DDA0DA274,2026-07-22T17:50:00+07:00,Codex deterministic evidence reconciliation; Product Owner G4B sign-off pending,proof_id=W3-CAN-P1-10-390x844;w3_matrix_sha256=D9F295525E261D797823F06E872472C0CAB2C2F599F57AB8A74126F1B8D3468A;w3_audit_sha256=5D5DBCB8C12C1768A174B299DE5E4FE818C80B6989C23D3453473698172BAB0F;golden_manifest=docs/qa/ui-v031/W8_RUNTIME_GOLDEN_HASHES.json
UI031-TRACE-SCREEN-P1-11,PASS,SCREEN_RUNTIME_GOLDEN_AND_W3,mobile/test/visual/day24_vet_detail_review_golden_test.dart#P1-11 Write Review golden at 390x844,mobile/test/visual/goldens/day24/p1-11-write-review-390x844.png,A01A5BD0FC084AEDC3C8C07EE4337E19A885EACCDCB3C08C335E204BAD23D2EB,462:524,N/A,output-evidence/ui-v031/UI-CC-2026-07-21-G4B/W8/cta-row-proof-20260723/runtime-goldens-71-pass.raw.txt,EC6E7E073BC62B22C34AD873A5CACC993CFC2AE3B8BDE7670297CB3DDA0DA274,2026-07-22T17:50:00+07:00,Codex deterministic evidence reconciliation; Product Owner G4B sign-off pending,proof_id=W3-CAN-P1-11-390x844;w3_matrix_sha256=D9F295525E261D797823F06E872472C0CAB2C2F599F57AB8A74126F1B8D3468A;w3_audit_sha256=5D5DBCB8C12C1768A174B299DE5E4FE818C80B6989C23D3453473698172BAB0F;golden_manifest=docs/qa/ui-v031/W8_RUNTIME_GOLDEN_HASHES.json
UI031-TRACE-SCREEN-P1-12,PASS,SCREEN_RUNTIME_GOLDEN_AND_W3,mobile/test/visual/day27_health_timeline_event_golden_test.dart#P1-12 Health Timeline golden at 390x844,mobile/test/visual/goldens/day27/p1-12-health-timeline-390x844.png,91BC203D4FD82D7688C3FF22016F3F70B1A6BE79E0A25CA1DC97A4D2F6B1EFD0,462:572,N/A,output-evidence/ui-v031/UI-CC-2026-07-21-G4B/W8/cta-row-proof-20260723/runtime-goldens-71-pass.raw.txt,EC6E7E073BC62B22C34AD873A5CACC993CFC2AE3B8BDE7670297CB3DDA0DA274,2026-07-22T17:50:00+07:00,Codex deterministic evidence reconciliation; Product Owner G4B sign-off pending,proof_id=W3-CAN-P1-12-390x844;w3_matrix_sha256=D9F295525E261D797823F06E872472C0CAB2C2F599F57AB8A74126F1B8D3468A;w3_audit_sha256=5D5DBCB8C12C1768A174B299DE5E4FE818C80B6989C23D3453473698172BAB0F;golden_manifest=docs/qa/ui-v031/W8_RUNTIME_GOLDEN_HASHES.json
UI031-TRACE-SCREEN-P1-13,PASS,SCREEN_RUNTIME_GOLDEN_AND_W3,mobile/test/visual/day27_health_timeline_event_golden_test.dart#P1-13 Add Health Event golden at 390x844,mobile/test/visual/goldens/day27/p1-13-add-health-event-390x844.png,DBC2C5BC6E850706AEC9117469BC1CA56F185E3024E284EF887182A3D0AF873A,462:659,N/A,output-evidence/ui-v031/UI-CC-2026-07-21-G4B/W8/cta-row-proof-20260723/runtime-goldens-71-pass.raw.txt,EC6E7E073BC62B22C34AD873A5CACC993CFC2AE3B8BDE7670297CB3DDA0DA274,2026-07-22T17:50:00+07:00,Codex deterministic evidence reconciliation; Product Owner G4B sign-off pending,proof_id=W3-CAN-P1-13-390x844;w3_matrix_sha256=D9F295525E261D797823F06E872472C0CAB2C2F599F57AB8A74126F1B8D3468A;w3_audit_sha256=5D5DBCB8C12C1768A174B299DE5E4FE818C80B6989C23D3453473698172BAB0F;golden_manifest=docs/qa/ui-v031/W8_RUNTIME_GOLDEN_HASHES.json
UI031-TRACE-SCREEN-P1-14,PASS,SCREEN_RUNTIME_GOLDEN_AND_W3,mobile/test/visual/day28_reminder_notification_golden_test.dart#P1-14 Reminder Calendar golden at 390x844,mobile/test/visual/goldens/day28/p1-14-reminder-calendar-390x844.png,277C7E58412268C14BF7478E357BBC845B638A22FC853D1BC3EDFEB129949FE2,462:716,N/A,output-evidence/ui-v031/UI-CC-2026-07-21-G4B/W8/cta-row-proof-20260723/runtime-goldens-71-pass.raw.txt,EC6E7E073BC62B22C34AD873A5CACC993CFC2AE3B8BDE7670297CB3DDA0DA274,2026-07-22T17:50:00+07:00,Codex deterministic evidence reconciliation; Product Owner G4B sign-off pending,proof_id=W3-CAN-P1-14-390x844;w3_matrix_sha256=D9F295525E261D797823F06E872472C0CAB2C2F599F57AB8A74126F1B8D3468A;w3_audit_sha256=5D5DBCB8C12C1768A174B299DE5E4FE818C80B6989C23D3453473698172BAB0F;golden_manifest=docs/qa/ui-v031/W8_RUNTIME_GOLDEN_HASHES.json
UI031-TRACE-SCREEN-P1-15,PASS,SCREEN_RUNTIME_GOLDEN_AND_W3,mobile/test/visual/day28_reminder_notification_golden_test.dart#P1-15 Notification Center golden at 390x844,mobile/test/visual/goldens/day28/p1-15-notification-center-390x844.png,01619868FB4302E3EDDE0F6273105B9FB1261F07EA53CEE11CF4756AAE8365E5,462:824,N/A,output-evidence/ui-v031/UI-CC-2026-07-21-G4B/W8/cta-row-proof-20260723/runtime-goldens-71-pass.raw.txt,EC6E7E073BC62B22C34AD873A5CACC993CFC2AE3B8BDE7670297CB3DDA0DA274,2026-07-22T17:50:00+07:00,Codex deterministic evidence reconciliation; Product Owner G4B sign-off pending,proof_id=W3-CAN-P1-15-390x844;w3_matrix_sha256=D9F295525E261D797823F06E872472C0CAB2C2F599F57AB8A74126F1B8D3468A;w3_audit_sha256=5D5DBCB8C12C1768A174B299DE5E4FE818C80B6989C23D3453473698172BAB0F;golden_manifest=docs/qa/ui-v031/W8_RUNTIME_GOLDEN_HASHES.json
UI031-TRACE-SCREEN-P1-16,PASS,SCREEN_RUNTIME_GOLDEN_AND_W3,mobile/test/visual/phase1_home_profile_golden_test.dart#P1-16 Profile golden at 390x844,mobile/test/visual/goldens/day19/p1-16-profile-390x844.png,2823C2B3644EFFDA2881AF54606C9FD32A001F1FE3AEB5AEABD99DE6F358CC31,462:893,N/A,output-evidence/ui-v031/UI-CC-2026-07-21-G4B/W8/cta-row-proof-20260723/runtime-goldens-71-pass.raw.txt,EC6E7E073BC62B22C34AD873A5CACC993CFC2AE3B8BDE7670297CB3DDA0DA274,2026-07-22T17:50:00+07:00,Codex deterministic evidence reconciliation; Product Owner G4B sign-off pending,proof_id=W3-CAN-P1-16-390x844;w3_matrix_sha256=D9F295525E261D797823F06E872472C0CAB2C2F599F57AB8A74126F1B8D3468A;w3_audit_sha256=5D5DBCB8C12C1768A174B299DE5E4FE818C80B6989C23D3453473698172BAB0F;golden_manifest=docs/qa/ui-v031/W8_RUNTIME_GOLDEN_HASHES.json
UI031-TRACE-SCREEN-P2-01,PASS,SCREEN_RUNTIME_GOLDEN_AND_W3,mobile/test/visual/ui_v031_rescue_staged_golden_test.dart#P2-01 Rescue staged golden at 390x844,mobile/test/visual/goldens/ui-v031-rescue/rescue-staged-390x844.png,9FEC9128DB8C95B049720BA217C03F6F4451E48AABF4ED9FA492B680418E6DF6,462:966,N/A,output-evidence/ui-v031/UI-CC-2026-07-21-G4B/W8/cta-row-proof-20260723/runtime-goldens-71-pass.raw.txt,EC6E7E073BC62B22C34AD873A5CACC993CFC2AE3B8BDE7670297CB3DDA0DA274,2026-07-22T17:50:00+07:00,Codex deterministic evidence reconciliation; Product Owner G4B sign-off pending,proof_id=W3-CAN-P2-01-390x844;w3_matrix_sha256=D9F295525E261D797823F06E872472C0CAB2C2F599F57AB8A74126F1B8D3468A;w3_audit_sha256=5D5DBCB8C12C1768A174B299DE5E4FE818C80B6989C23D3453473698172BAB0F;golden_manifest=docs/qa/ui-v031/W8_RUNTIME_GOLDEN_HASHES.json
UI031-TRACE-SCREEN-P2-02,PASS,SCREEN_W3_DESIGN,N/A,N/A,N/A,462:1028,N/A,output-evidence/ui-v031/UI-CC-2026-07-21-G4B/W3/post-write-v032-section.png,7C27ACB71E3FE54D02D56992701B02FD15EFD37EF9412786CE758060CB99D050,2026-07-22T17:50:00+07:00,Codex deterministic evidence reconciliation; Product Owner G4B sign-off pending,proof_id=W3-CAN-P2-02-390x844;w3_matrix_sha256=D9F295525E261D797823F06E872472C0CAB2C2F599F57AB8A74126F1B8D3468A;w3_audit_sha256=5D5DBCB8C12C1768A174B299DE5E4FE818C80B6989C23D3453473698172BAB0F
UI031-TRACE-SCREEN-P2-03,PASS,SCREEN_W3_DESIGN,N/A,N/A,N/A,462:1074,N/A,output-evidence/ui-v031/UI-CC-2026-07-21-G4B/W3/post-write-v032-section.png,7C27ACB71E3FE54D02D56992701B02FD15EFD37EF9412786CE758060CB99D050,2026-07-22T17:50:00+07:00,Codex deterministic evidence reconciliation; Product Owner G4B sign-off pending,proof_id=W3-CAN-P2-03-390x844;w3_matrix_sha256=D9F295525E261D797823F06E872472C0CAB2C2F599F57AB8A74126F1B8D3468A;w3_audit_sha256=5D5DBCB8C12C1768A174B299DE5E4FE818C80B6989C23D3453473698172BAB0F
UI031-TRACE-SCREEN-P2-04,PASS,SCREEN_W3_DESIGN,N/A,N/A,N/A,462:1109,N/A,output-evidence/ui-v031/UI-CC-2026-07-21-G4B/W3/post-write-v032-section.png,7C27ACB71E3FE54D02D56992701B02FD15EFD37EF9412786CE758060CB99D050,2026-07-22T17:50:00+07:00,Codex deterministic evidence reconciliation; Product Owner G4B sign-off pending,proof_id=W3-CAN-P2-04-390x844;w3_matrix_sha256=D9F295525E261D797823F06E872472C0CAB2C2F599F57AB8A74126F1B8D3468A;w3_audit_sha256=5D5DBCB8C12C1768A174B299DE5E4FE818C80B6989C23D3453473698172BAB0F
UI031-TRACE-SCREEN-P2-05,PASS,SCREEN_W3_DESIGN,N/A,N/A,N/A,462:1142,N/A,output-evidence/ui-v031/UI-CC-2026-07-21-G4B/W3/post-write-v032-section.png,7C27ACB71E3FE54D02D56992701B02FD15EFD37EF9412786CE758060CB99D050,2026-07-22T17:50:00+07:00,Codex deterministic evidence reconciliation; Product Owner G4B sign-off pending,proof_id=W3-CAN-P2-05-390x844;w3_matrix_sha256=D9F295525E261D797823F06E872472C0CAB2C2F599F57AB8A74126F1B8D3468A;w3_audit_sha256=5D5DBCB8C12C1768A174B299DE5E4FE818C80B6989C23D3453473698172BAB0F
UI031-TRACE-SCREEN-P2-06,PASS,SCREEN_W3_DESIGN,N/A,N/A,N/A,462:1205,N/A,output-evidence/ui-v031/UI-CC-2026-07-21-G4B/W3/post-write-v032-section.png,7C27ACB71E3FE54D02D56992701B02FD15EFD37EF9412786CE758060CB99D050,2026-07-22T17:50:00+07:00,Codex deterministic evidence reconciliation; Product Owner G4B sign-off pending,proof_id=W3-CAN-P2-06-390x844;w3_matrix_sha256=D9F295525E261D797823F06E872472C0CAB2C2F599F57AB8A74126F1B8D3468A;w3_audit_sha256=5D5DBCB8C12C1768A174B299DE5E4FE818C80B6989C23D3453473698172BAB0F
UI031-TRACE-SCREEN-P2-07,PASS,SCREEN_W3_DESIGN,N/A,N/A,N/A,462:1251,N/A,output-evidence/ui-v031/UI-CC-2026-07-21-G4B/W3/post-write-v032-section.png,7C27ACB71E3FE54D02D56992701B02FD15EFD37EF9412786CE758060CB99D050,2026-07-22T17:50:00+07:00,Codex deterministic evidence reconciliation; Product Owner G4B sign-off pending,proof_id=W3-CAN-P2-07-390x844;w3_matrix_sha256=D9F295525E261D797823F06E872472C0CAB2C2F599F57AB8A74126F1B8D3468A;w3_audit_sha256=5D5DBCB8C12C1768A174B299DE5E4FE818C80B6989C23D3453473698172BAB0F
UI031-TRACE-SCREEN-P2-08,PASS,SCREEN_W3_DESIGN,N/A,N/A,N/A,462:1301,N/A,output-evidence/ui-v031/UI-CC-2026-07-21-G4B/W3/post-write-v032-section.png,7C27ACB71E3FE54D02D56992701B02FD15EFD37EF9412786CE758060CB99D050,2026-07-22T17:50:00+07:00,Codex deterministic evidence reconciliation; Product Owner G4B sign-off pending,proof_id=W3-CAN-P2-08-390x844;w3_matrix_sha256=D9F295525E261D797823F06E872472C0CAB2C2F599F57AB8A74126F1B8D3468A;w3_audit_sha256=5D5DBCB8C12C1768A174B299DE5E4FE818C80B6989C23D3453473698172BAB0F
UI031-TRACE-SCREEN-P2-09,PASS,SCREEN_W3_DESIGN,N/A,N/A,N/A,462:1382,N/A,output-evidence/ui-v031/UI-CC-2026-07-21-G4B/W3/post-write-v032-section.png,7C27ACB71E3FE54D02D56992701B02FD15EFD37EF9412786CE758060CB99D050,2026-07-22T17:50:00+07:00,Codex deterministic evidence reconciliation; Product Owner G4B sign-off pending,proof_id=W3-CAN-P2-09-390x844;w3_matrix_sha256=D9F295525E261D797823F06E872472C0CAB2C2F599F57AB8A74126F1B8D3468A;w3_audit_sha256=5D5DBCB8C12C1768A174B299DE5E4FE818C80B6989C23D3453473698172BAB0F
UI031-TRACE-SCREEN-P2-10,PASS,SCREEN_W3_DESIGN,N/A,N/A,N/A,462:1444,N/A,output-evidence/ui-v031/UI-CC-2026-07-21-G4B/W3/post-write-v032-section.png,7C27ACB71E3FE54D02D56992701B02FD15EFD37EF9412786CE758060CB99D050,2026-07-22T17:50:00+07:00,Codex deterministic evidence reconciliation; Product Owner G4B sign-off pending,proof_id=W3-CAN-P2-10-390x844;w3_matrix_sha256=D9F295525E261D797823F06E872472C0CAB2C2F599F57AB8A74126F1B8D3468A;w3_audit_sha256=5D5DBCB8C12C1768A174B299DE5E4FE818C80B6989C23D3453473698172BAB0F
UI031-TRACE-SCREEN-P2-11,PASS,SCREEN_W3_DESIGN,N/A,N/A,N/A,462:1493,N/A,output-evidence/ui-v031/UI-CC-2026-07-21-G4B/W3/post-write-v032-section.png,7C27ACB71E3FE54D02D56992701B02FD15EFD37EF9412786CE758060CB99D050,2026-07-22T17:50:00+07:00,Codex deterministic evidence reconciliation; Product Owner G4B sign-off pending,proof_id=W3-CAN-P2-11-390x844;w3_matrix_sha256=D9F295525E261D797823F06E872472C0CAB2C2F599F57AB8A74126F1B8D3468A;w3_audit_sha256=5D5DBCB8C12C1768A174B299DE5E4FE818C80B6989C23D3453473698172BAB0F
UI031-TRACE-SCREEN-P2-12,PASS,SCREEN_W3_DESIGN,N/A,N/A,N/A,462:1532,N/A,output-evidence/ui-v031/UI-CC-2026-07-21-G4B/W3/post-write-v032-section.png,7C27ACB71E3FE54D02D56992701B02FD15EFD37EF9412786CE758060CB99D050,2026-07-22T17:50:00+07:00,Codex deterministic evidence reconciliation; Product Owner G4B sign-off pending,proof_id=W3-CAN-P2-12-390x844;w3_matrix_sha256=D9F295525E261D797823F06E872472C0CAB2C2F599F57AB8A74126F1B8D3468A;w3_audit_sha256=5D5DBCB8C12C1768A174B299DE5E4FE818C80B6989C23D3453473698172BAB0F
UI031-TRACE-SCREEN-P2-13,PASS,SCREEN_W3_DESIGN,N/A,N/A,N/A,462:1575,N/A,output-evidence/ui-v031/UI-CC-2026-07-21-G4B/W3/post-write-v032-section.png,7C27ACB71E3FE54D02D56992701B02FD15EFD37EF9412786CE758060CB99D050,2026-07-22T17:50:00+07:00,Codex deterministic evidence reconciliation; Product Owner G4B sign-off pending,proof_id=W3-CAN-P2-13-390x844;w3_matrix_sha256=D9F295525E261D797823F06E872472C0CAB2C2F599F57AB8A74126F1B8D3468A;w3_audit_sha256=5D5DBCB8C12C1768A174B299DE5E4FE818C80B6989C23D3453473698172BAB0F
UI031-TRACE-SCREEN-P2-14,PASS,SCREEN_W3_DESIGN,N/A,N/A,N/A,462:1664,N/A,output-evidence/ui-v031/UI-CC-2026-07-21-G4B/W3/post-write-v032-section.png,7C27ACB71E3FE54D02D56992701B02FD15EFD37EF9412786CE758060CB99D050,2026-07-22T17:50:00+07:00,Codex deterministic evidence reconciliation; Product Owner G4B sign-off pending,proof_id=W3-CAN-P2-14-390x844;w3_matrix_sha256=D9F295525E261D797823F06E872472C0CAB2C2F599F57AB8A74126F1B8D3468A;w3_audit_sha256=5D5DBCB8C12C1768A174B299DE5E4FE818C80B6989C23D3453473698172BAB0F
UI031-TRACE-SCREEN-P2-15,PASS,SCREEN_W3_DESIGN,N/A,N/A,N/A,462:1704,N/A,output-evidence/ui-v031/UI-CC-2026-07-21-G4B/W3/post-write-v032-section.png,7C27ACB71E3FE54D02D56992701B02FD15EFD37EF9412786CE758060CB99D050,2026-07-22T17:50:00+07:00,Codex deterministic evidence reconciliation; Product Owner G4B sign-off pending,proof_id=W3-CAN-P2-15-390x844;w3_matrix_sha256=D9F295525E261D797823F06E872472C0CAB2C2F599F57AB8A74126F1B8D3468A;w3_audit_sha256=5D5DBCB8C12C1768A174B299DE5E4FE818C80B6989C23D3453473698172BAB0F
UI031-TRACE-SCREEN-P2-16,PASS,SCREEN_W3_DESIGN,N/A,N/A,N/A,462:1744,N/A,output-evidence/ui-v031/UI-CC-2026-07-21-G4B/W3/post-write-v032-section.png,7C27ACB71E3FE54D02D56992701B02FD15EFD37EF9412786CE758060CB99D050,2026-07-22T17:50:00+07:00,Codex deterministic evidence reconciliation; Product Owner G4B sign-off pending,proof_id=W3-CAN-P2-16-390x844;w3_matrix_sha256=D9F295525E261D797823F06E872472C0CAB2C2F599F57AB8A74126F1B8D3468A;w3_audit_sha256=5D5DBCB8C12C1768A174B299DE5E4FE818C80B6989C23D3453473698172BAB0F
UI031-TRACE-SCREEN-ST-01,PASS,SCREEN_W3_DESIGN,N/A,N/A,N/A,462:1823,N/A,output-evidence/ui-v031/UI-CC-2026-07-21-G4B/W3/post-write-v032-section.png,7C27ACB71E3FE54D02D56992701B02FD15EFD37EF9412786CE758060CB99D050,2026-07-22T17:50:00+07:00,Codex deterministic evidence reconciliation; Product Owner G4B sign-off pending,proof_id=W3-CAN-ST-01-390x844;w3_matrix_sha256=D9F295525E261D797823F06E872472C0CAB2C2F599F57AB8A74126F1B8D3468A;w3_audit_sha256=5D5DBCB8C12C1768A174B299DE5E4FE818C80B6989C23D3453473698172BAB0F
UI031-TRACE-SCREEN-ST-02,PASS,SCREEN_W3_DESIGN,N/A,N/A,N/A,462:1861,N/A,output-evidence/ui-v031/UI-CC-2026-07-21-G4B/W3/post-write-v032-section.png,7C27ACB71E3FE54D02D56992701B02FD15EFD37EF9412786CE758060CB99D050,2026-07-22T17:50:00+07:00,Codex deterministic evidence reconciliation; Product Owner G4B sign-off pending,proof_id=W3-CAN-ST-02-390x844;w3_matrix_sha256=D9F295525E261D797823F06E872472C0CAB2C2F599F57AB8A74126F1B8D3468A;w3_audit_sha256=5D5DBCB8C12C1768A174B299DE5E4FE818C80B6989C23D3453473698172BAB0F
UI031-TRACE-SCREEN-ST-03,PASS,SCREEN_W3_DESIGN,N/A,N/A,N/A,462:1910,N/A,output-evidence/ui-v031/UI-CC-2026-07-21-G4B/W3/post-write-v032-section.png,7C27ACB71E3FE54D02D56992701B02FD15EFD37EF9412786CE758060CB99D050,2026-07-22T17:50:00+07:00,Codex deterministic evidence reconciliation; Product Owner G4B sign-off pending,proof_id=W3-CAN-ST-03-390x844;w3_matrix_sha256=D9F295525E261D797823F06E872472C0CAB2C2F599F57AB8A74126F1B8D3468A;w3_audit_sha256=5D5DBCB8C12C1768A174B299DE5E4FE818C80B6989C23D3453473698172BAB0F
UI031-TRACE-SCREEN-ST-04,PASS,SCREEN_W3_DESIGN,N/A,N/A,N/A,462:1967,N/A,output-evidence/ui-v031/UI-CC-2026-07-21-G4B/W3/post-write-v032-section.png,7C27ACB71E3FE54D02D56992701B02FD15EFD37EF9412786CE758060CB99D050,2026-07-22T17:50:00+07:00,Codex deterministic evidence reconciliation; Product Owner G4B sign-off pending,proof_id=W3-CAN-ST-04-390x844;w3_matrix_sha256=D9F295525E261D797823F06E872472C0CAB2C2F599F57AB8A74126F1B8D3468A;w3_audit_sha256=5D5DBCB8C12C1768A174B299DE5E4FE818C80B6989C23D3453473698172BAB0F
UI031-TRACE-SCREEN-ST-05,PASS,SCREEN_W3_DESIGN,N/A,N/A,N/A,462:2009,N/A,output-evidence/ui-v031/UI-CC-2026-07-21-G4B/W3/post-write-v032-section.png,7C27ACB71E3FE54D02D56992701B02FD15EFD37EF9412786CE758060CB99D050,2026-07-22T17:50:00+07:00,Codex deterministic evidence reconciliation; Product Owner G4B sign-off pending,proof_id=W3-CAN-ST-05-390x844;w3_matrix_sha256=D9F295525E261D797823F06E872472C0CAB2C2F599F57AB8A74126F1B8D3468A;w3_audit_sha256=5D5DBCB8C12C1768A174B299DE5E4FE818C80B6989C23D3453473698172BAB0F
UI031-TRACE-SCREEN-ST-06,PASS,SCREEN_W3_DESIGN,N/A,N/A,N/A,462:2062,N/A,output-evidence/ui-v031/UI-CC-2026-07-21-G4B/W3/post-write-v032-section.png,7C27ACB71E3FE54D02D56992701B02FD15EFD37EF9412786CE758060CB99D050,2026-07-22T17:50:00+07:00,Codex deterministic evidence reconciliation; Product Owner G4B sign-off pending,proof_id=W3-CAN-ST-06-390x844;w3_matrix_sha256=D9F295525E261D797823F06E872472C0CAB2C2F599F57AB8A74126F1B8D3468A;w3_audit_sha256=5D5DBCB8C12C1768A174B299DE5E4FE818C80B6989C23D3453473698172BAB0F
UI031-TRACE-SCREEN-ST-07,PASS,SCREEN_W3_DESIGN,N/A,N/A,N/A,462:2114,N/A,output-evidence/ui-v031/UI-CC-2026-07-21-G4B/W3/post-write-v032-section.png,7C27ACB71E3FE54D02D56992701B02FD15EFD37EF9412786CE758060CB99D050,2026-07-22T17:50:00+07:00,Codex deterministic evidence reconciliation; Product Owner G4B sign-off pending,proof_id=W3-CAN-ST-07-390x844;w3_matrix_sha256=D9F295525E261D797823F06E872472C0CAB2C2F599F57AB8A74126F1B8D3468A;w3_audit_sha256=5D5DBCB8C12C1768A174B299DE5E4FE818C80B6989C23D3453473698172BAB0F
UI031-TRACE-SCREEN-ST-08,PASS,SCREEN_W3_DESIGN,N/A,N/A,N/A,462:2121,N/A,output-evidence/ui-v031/UI-CC-2026-07-21-G4B/W3/post-write-v032-section.png,7C27ACB71E3FE54D02D56992701B02FD15EFD37EF9412786CE758060CB99D050,2026-07-22T17:50:00+07:00,Codex deterministic evidence reconciliation; Product Owner G4B sign-off pending,proof_id=W3-CAN-ST-08-390x844;w3_matrix_sha256=D9F295525E261D797823F06E872472C0CAB2C2F599F57AB8A74126F1B8D3468A;w3_audit_sha256=5D5DBCB8C12C1768A174B299DE5E4FE818C80B6989C23D3453473698172BAB0F
UI031-TRACE-SCREEN-ST-09,PASS,SCREEN_W3_DESIGN,N/A,N/A,N/A,462:2148,N/A,output-evidence/ui-v031/UI-CC-2026-07-21-G4B/W3/post-write-v032-section.png,7C27ACB71E3FE54D02D56992701B02FD15EFD37EF9412786CE758060CB99D050,2026-07-22T17:50:00+07:00,Codex deterministic evidence reconciliation; Product Owner G4B sign-off pending,proof_id=W3-CAN-ST-09-390x844;w3_matrix_sha256=D9F295525E261D797823F06E872472C0CAB2C2F599F57AB8A74126F1B8D3468A;w3_audit_sha256=5D5DBCB8C12C1768A174B299DE5E4FE818C80B6989C23D3453473698172BAB0F
UI031-TRACE-SCREEN-ST-10,PASS,SCREEN_W3_DESIGN,N/A,N/A,N/A,462:2168,N/A,output-evidence/ui-v031/UI-CC-2026-07-21-G4B/W3/post-write-v032-section.png,7C27ACB71E3FE54D02D56992701B02FD15EFD37EF9412786CE758060CB99D050,2026-07-22T17:50:00+07:00,Codex deterministic evidence reconciliation; Product Owner G4B sign-off pending,proof_id=W3-CAN-ST-10-390x844;w3_matrix_sha256=D9F295525E261D797823F06E872472C0CAB2C2F599F57AB8A74126F1B8D3468A;w3_audit_sha256=5D5DBCB8C12C1768A174B299DE5E4FE818C80B6989C23D3453473698172BAB0F
UI031-TRACE-SCREEN-ST-11,PASS,SCREEN_W3_DESIGN,N/A,N/A,N/A,462:2203,N/A,output-evidence/ui-v031/UI-CC-2026-07-21-G4B/W3/post-write-v032-section.png,7C27ACB71E3FE54D02D56992701B02FD15EFD37EF9412786CE758060CB99D050,2026-07-22T17:50:00+07:00,Codex deterministic evidence reconciliation; Product Owner G4B sign-off pending,proof_id=W3-CAN-ST-11-390x844;w3_matrix_sha256=D9F295525E261D797823F06E872472C0CAB2C2F599F57AB8A74126F1B8D3468A;w3_audit_sha256=5D5DBCB8C12C1768A174B299DE5E4FE818C80B6989C23D3453473698172BAB0F
UI031-TRACE-SCREEN-ST-12,PASS,SCREEN_W3_DESIGN,N/A,N/A,N/A,462:2259,N/A,output-evidence/ui-v031/UI-CC-2026-07-21-G4B/W3/post-write-v032-section.png,7C27ACB71E3FE54D02D56992701B02FD15EFD37EF9412786CE758060CB99D050,2026-07-22T17:50:00+07:00,Codex deterministic evidence reconciliation; Product Owner G4B sign-off pending,proof_id=W3-CAN-ST-12-390x844;w3_matrix_sha256=D9F295525E261D797823F06E872472C0CAB2C2F599F57AB8A74126F1B8D3468A;w3_audit_sha256=5D5DBCB8C12C1768A174B299DE5E4FE818C80B6989C23D3453473698172BAB0F
UI031-TRACE-SCREEN-ST-13,PASS,SCREEN_W3_DESIGN,N/A,N/A,N/A,462:2306,N/A,output-evidence/ui-v031/UI-CC-2026-07-21-G4B/W3/post-write-v032-section.png,7C27ACB71E3FE54D02D56992701B02FD15EFD37EF9412786CE758060CB99D050,2026-07-22T17:50:00+07:00,Codex deterministic evidence reconciliation; Product Owner G4B sign-off pending,proof_id=W3-CAN-ST-13-390x844;w3_matrix_sha256=D9F295525E261D797823F06E872472C0CAB2C2F599F57AB8A74126F1B8D3468A;w3_audit_sha256=5D5DBCB8C12C1768A174B299DE5E4FE818C80B6989C23D3453473698172BAB0F
UI031-TRACE-SCREEN-ST-14,PASS,SCREEN_W3_DESIGN,N/A,N/A,N/A,462:2346,N/A,output-evidence/ui-v031/UI-CC-2026-07-21-G4B/W3/post-write-v032-section.png,7C27ACB71E3FE54D02D56992701B02FD15EFD37EF9412786CE758060CB99D050,2026-07-22T17:50:00+07:00,Codex deterministic evidence reconciliation; Product Owner G4B sign-off pending,proof_id=W3-CAN-ST-14-390x844;w3_matrix_sha256=D9F295525E261D797823F06E872472C0CAB2C2F599F57AB8A74126F1B8D3468A;w3_audit_sha256=5D5DBCB8C12C1768A174B299DE5E4FE818C80B6989C23D3453473698172BAB0F
UI031-TRACE-SCREEN-ST-15,PASS,SCREEN_W3_DESIGN,N/A,N/A,N/A,462:2371,N/A,output-evidence/ui-v031/UI-CC-2026-07-21-G4B/W3/post-write-v032-section.png,7C27ACB71E3FE54D02D56992701B02FD15EFD37EF9412786CE758060CB99D050,2026-07-22T17:50:00+07:00,Codex deterministic evidence reconciliation; Product Owner G4B sign-off pending,proof_id=W3-CAN-ST-15-390x844;w3_matrix_sha256=D9F295525E261D797823F06E872472C0CAB2C2F599F57AB8A74126F1B8D3468A;w3_audit_sha256=5D5DBCB8C12C1768A174B299DE5E4FE818C80B6989C23D3453473698172BAB0F
UI031-TRACE-SCREEN-ST-16,PASS,SCREEN_W3_DESIGN,N/A,N/A,N/A,462:2412,N/A,output-evidence/ui-v031/UI-CC-2026-07-21-G4B/W3/post-write-v032-section.png,7C27ACB71E3FE54D02D56992701B02FD15EFD37EF9412786CE758060CB99D050,2026-07-22T17:50:00+07:00,Codex deterministic evidence reconciliation; Product Owner G4B sign-off pending,proof_id=W3-CAN-ST-16-390x844;w3_matrix_sha256=D9F295525E261D797823F06E872472C0CAB2C2F599F57AB8A74126F1B8D3468A;w3_audit_sha256=5D5DBCB8C12C1768A174B299DE5E4FE818C80B6989C23D3453473698172BAB0F
UI031-TRACE-SCREEN-ST-17,PASS,SCREEN_W3_DESIGN,N/A,N/A,N/A,462:2464,N/A,output-evidence/ui-v031/UI-CC-2026-07-21-G4B/W3/post-write-v032-section.png,7C27ACB71E3FE54D02D56992701B02FD15EFD37EF9412786CE758060CB99D050,2026-07-22T17:50:00+07:00,Codex deterministic evidence reconciliation; Product Owner G4B sign-off pending,proof_id=W3-CAN-ST-17-390x844;w3_matrix_sha256=D9F295525E261D797823F06E872472C0CAB2C2F599F57AB8A74126F1B8D3468A;w3_audit_sha256=5D5DBCB8C12C1768A174B299DE5E4FE818C80B6989C23D3453473698172BAB0F
UI031-TRACE-SCREEN-ST-18,PASS,SCREEN_W3_DESIGN,N/A,N/A,N/A,462:2492,N/A,output-evidence/ui-v031/UI-CC-2026-07-21-G4B/W3/post-write-v032-section.png,7C27ACB71E3FE54D02D56992701B02FD15EFD37EF9412786CE758060CB99D050,2026-07-22T17:50:00+07:00,Codex deterministic evidence reconciliation; Product Owner G4B sign-off pending,proof_id=W3-CAN-ST-18-390x844;w3_matrix_sha256=D9F295525E261D797823F06E872472C0CAB2C2F599F57AB8A74126F1B8D3468A;w3_audit_sha256=5D5DBCB8C12C1768A174B299DE5E4FE818C80B6989C23D3453473698172BAB0F
UI031-TRACE-SCREEN-ST-19,PASS,SCREEN_W3_DESIGN,N/A,N/A,N/A,462:2544,N/A,output-evidence/ui-v031/UI-CC-2026-07-21-G4B/W3/post-write-v032-section.png,7C27ACB71E3FE54D02D56992701B02FD15EFD37EF9412786CE758060CB99D050,2026-07-22T17:50:00+07:00,Codex deterministic evidence reconciliation; Product Owner G4B sign-off pending,proof_id=W3-CAN-ST-19-390x844;w3_matrix_sha256=D9F295525E261D797823F06E872472C0CAB2C2F599F57AB8A74126F1B8D3468A;w3_audit_sha256=5D5DBCB8C12C1768A174B299DE5E4FE818C80B6989C23D3453473698172BAB0F
UI031-TRACE-SCREEN-ST-20,PASS,SCREEN_W3_DESIGN,N/A,N/A,N/A,462:2581,N/A,output-evidence/ui-v031/UI-CC-2026-07-21-G4B/W3/post-write-v032-section.png,7C27ACB71E3FE54D02D56992701B02FD15EFD37EF9412786CE758060CB99D050,2026-07-22T17:50:00+07:00,Codex deterministic evidence reconciliation; Product Owner G4B sign-off pending,proof_id=W3-CAN-ST-20-390x844;w3_matrix_sha256=D9F295525E261D797823F06E872472C0CAB2C2F599F57AB8A74126F1B8D3468A;w3_audit_sha256=5D5DBCB8C12C1768A174B299DE5E4FE818C80B6989C23D3453473698172BAB0F
UI031-TRACE-SCREEN-ST-21,PASS,SCREEN_W3_DESIGN,N/A,N/A,N/A,462:2615,N/A,output-evidence/ui-v031/UI-CC-2026-07-21-G4B/W3/post-write-v032-section.png,7C27ACB71E3FE54D02D56992701B02FD15EFD37EF9412786CE758060CB99D050,2026-07-22T17:50:00+07:00,Codex deterministic evidence reconciliation; Product Owner G4B sign-off pending,proof_id=W3-CAN-ST-21-390x844;w3_matrix_sha256=D9F295525E261D797823F06E872472C0CAB2C2F599F57AB8A74126F1B8D3468A;w3_audit_sha256=5D5DBCB8C12C1768A174B299DE5E4FE818C80B6989C23D3453473698172BAB0F
UI031-TRACE-SCREEN-ST-22,PASS,SCREEN_W3_DESIGN,N/A,N/A,N/A,462:2636,N/A,output-evidence/ui-v031/UI-CC-2026-07-21-G4B/W3/post-write-v032-section.png,7C27ACB71E3FE54D02D56992701B02FD15EFD37EF9412786CE758060CB99D050,2026-07-22T17:50:00+07:00,Codex deterministic evidence reconciliation; Product Owner G4B sign-off pending,proof_id=W3-CAN-ST-22-390x844;w3_matrix_sha256=D9F295525E261D797823F06E872472C0CAB2C2F599F57AB8A74126F1B8D3468A;w3_audit_sha256=5D5DBCB8C12C1768A174B299DE5E4FE818C80B6989C23D3453473698172BAB0F
UI031-TRACE-SCREEN-ST-23,PASS,SCREEN_W3_DESIGN,N/A,N/A,N/A,462:2679,N/A,output-evidence/ui-v031/UI-CC-2026-07-21-G4B/W3/post-write-v032-section.png,7C27ACB71E3FE54D02D56992701B02FD15EFD37EF9412786CE758060CB99D050,2026-07-22T17:50:00+07:00,Codex deterministic evidence reconciliation; Product Owner G4B sign-off pending,proof_id=W3-CAN-ST-23-390x844;w3_matrix_sha256=D9F295525E261D797823F06E872472C0CAB2C2F599F57AB8A74126F1B8D3468A;w3_audit_sha256=5D5DBCB8C12C1768A174B299DE5E4FE818C80B6989C23D3453473698172BAB0F
UI031-TRACE-SCREEN-ST-24,PASS,SCREEN_W3_DESIGN,N/A,N/A,N/A,462:2753,N/A,output-evidence/ui-v031/UI-CC-2026-07-21-G4B/W3/post-write-v032-section.png,7C27ACB71E3FE54D02D56992701B02FD15EFD37EF9412786CE758060CB99D050,2026-07-22T17:50:00+07:00,Codex deterministic evidence reconciliation; Product Owner G4B sign-off pending,proof_id=W3-CAN-ST-24-390x844;w3_matrix_sha256=D9F295525E261D797823F06E872472C0CAB2C2F599F57AB8A74126F1B8D3468A;w3_audit_sha256=5D5DBCB8C12C1768A174B299DE5E4FE818C80B6989C23D3453473698172BAB0F
UI031-TRACE-ROUTE-RT-001,PASS,ROUTE_FOCUSED_TEST,mobile/test/app/router/app_router_contract_test.dart,N/A,N/A,INHERIT,N/A,output-evidence/ui-v031/UI-CC-2026-07-21-G4B/W5/trace-row-reconciliation-20260722/route-trace-9-files-108-pass.raw.txt,381B7FD216DFC9A439B3772DB66C3095A38B96726F807B8473597D2FFB790579,2026-07-22T17:50:00+07:00,Codex deterministic evidence reconciliation; Product Owner G4B sign-off pending,proof_id=docs/qa/ui-v031/W5_ROUTE_TEST_TRACEABILITY.csv#RT-001;verified_contract=Launch remains a public root route
UI031-TRACE-ROUTE-RT-002,PASS,ROUTE_FOCUSED_TEST,mobile/test/app/router/app_router_contract_test.dart,N/A,N/A,INHERIT,N/A,output-evidence/ui-v031/UI-CC-2026-07-21-G4B/W5/trace-row-reconciliation-20260722/route-trace-9-files-108-pass.raw.txt,381B7FD216DFC9A439B3772DB66C3095A38B96726F807B8473597D2FFB790579,2026-07-22T17:50:00+07:00,Codex deterministic evidence reconciliation; Product Owner G4B sign-off pending,proof_id=docs/qa/ui-v031/W5_ROUTE_TEST_TRACEABILITY.csv#RT-002;verified_contract=Onboarding remains a public root route and draft flow is retained
UI031-TRACE-ROUTE-RT-003,PASS,ROUTE_FOCUSED_TEST,mobile/test/app/router/app_router_contract_test.dart;mobile/test/features/auth/auth_return_route_test.dart,N/A,N/A,INHERIT,N/A,output-evidence/ui-v031/UI-CC-2026-07-21-G4B/W5/trace-row-reconciliation-20260722/route-trace-9-files-108-pass.raw.txt,381B7FD216DFC9A439B3772DB66C3095A38B96726F807B8473597D2FFB790579,2026-07-22T17:50:00+07:00,Codex deterministic evidence reconciliation; Product Owner G4B sign-off pending,proof_id=docs/qa/ui-v031/W5_ROUTE_TEST_TRACEABILITY.csv#RT-003;verified_contract=Login query and safe returnTo are retained
UI031-TRACE-ROUTE-RT-004,PASS,ROUTE_FOCUSED_TEST,mobile/test/app/router/app_router_contract_test.dart,N/A,N/A,INHERIT,N/A,output-evidence/ui-v031/UI-CC-2026-07-21-G4B/W5/trace-row-reconciliation-20260722/route-trace-9-files-108-pass.raw.txt,381B7FD216DFC9A439B3772DB66C3095A38B96726F807B8473597D2FFB790579,2026-07-22T17:50:00+07:00,Codex deterministic evidence reconciliation; Product Owner G4B sign-off pending,proof_id=docs/qa/ui-v031/W5_ROUTE_TEST_TRACEABILITY.csv#RT-004;verified_contract=Register query and safe returnTo are retained
UI031-TRACE-ROUTE-RT-005,PASS,ROUTE_FOCUSED_TEST,mobile/test/app/router/app_router_contract_test.dart,N/A,N/A,INHERIT,N/A,output-evidence/ui-v031/UI-CC-2026-07-21-G4B/W5/trace-row-reconciliation-20260722/route-trace-9-files-108-pass.raw.txt,381B7FD216DFC9A439B3772DB66C3095A38B96726F807B8473597D2FFB790579,2026-07-22T17:50:00+07:00,Codex deterministic evidence reconciliation; Product Owner G4B sign-off pending,proof_id=docs/qa/ui-v031/W5_ROUTE_TEST_TRACEABILITY.csv#RT-005;verified_contract=OTP timestamps and safe returnTo are retained
UI031-TRACE-ROUTE-RT-006,PASS,ROUTE_FOCUSED_TEST,mobile/test/app/router/stateful_shell_navigation_test.dart,N/A,N/A,INHERIT,N/A,output-evidence/ui-v031/UI-CC-2026-07-21-G4B/W5/trace-row-reconciliation-20260722/route-trace-9-files-108-pass.raw.txt,381B7FD216DFC9A439B3772DB66C3095A38B96726F807B8473597D2FFB790579,2026-07-22T17:50:00+07:00,Codex deterministic evidence reconciliation; Product Owner G4B sign-off pending,proof_id=docs/qa/ui-v031/W5_ROUTE_TEST_TRACEABILITY.csv#RT-006;verified_contract=Home is branch 0 and retains state
UI031-TRACE-ROUTE-RT-007,PASS,ROUTE_FOCUSED_TEST,mobile/test/app/router/stateful_shell_navigation_test.dart,N/A,N/A,INHERIT,N/A,output-evidence/ui-v031/UI-CC-2026-07-21-G4B/W5/trace-row-reconciliation-20260722/route-trace-9-files-108-pass.raw.txt,381B7FD216DFC9A439B3772DB66C3095A38B96726F807B8473597D2FFB790579,2026-07-22T17:50:00+07:00,Codex deterministic evidence reconciliation; Product Owner G4B sign-off pending,proof_id=docs/qa/ui-v031/W5_ROUTE_TEST_TRACEABILITY.csv#RT-007;verified_contract=Home child restores and reselects to root
UI031-TRACE-ROUTE-RT-008,PASS,ROUTE_FOCUSED_TEST,mobile/test/app/router/app_router_contract_test.dart;mobile/test/app/router/app_route_registry_test.dart,N/A,N/A,INHERIT,N/A,output-evidence/ui-v031/UI-CC-2026-07-21-G4B/W5/trace-row-reconciliation-20260722/route-trace-9-files-108-pass.raw.txt,381B7FD216DFC9A439B3772DB66C3095A38B96726F807B8473597D2FFB790579,2026-07-22T17:50:00+07:00,Codex deterministic evidence reconciliation; Product Owner G4B sign-off pending,proof_id=docs/qa/ui-v031/W5_ROUTE_TEST_TRACEABILITY.csv#RT-008;verified_contract=Pet create is a root pushed route with allowlisted returnTo
UI031-TRACE-ROUTE-RT-009,PASS,ROUTE_FOCUSED_TEST,mobile/test/app/router/app_router_contract_test.dart;mobile/test/app/router/app_route_registry_test.dart,N/A,N/A,INHERIT,N/A,output-evidence/ui-v031/UI-CC-2026-07-21-G4B/W5/trace-row-reconciliation-20260722/route-trace-9-files-108-pass.raw.txt,381B7FD216DFC9A439B3772DB66C3095A38B96726F807B8473597D2FFB790579,2026-07-22T17:50:00+07:00,Codex deterministic evidence reconciliation; Product Owner G4B sign-off pending,proof_id=docs/qa/ui-v031/W5_ROUTE_TEST_TRACEABILITY.csv#RT-009;verified_contract=Pet edit is a root pushed route with allowlisted returnTo
UI031-TRACE-ROUTE-RT-010,PASS,ROUTE_FOCUSED_TEST,mobile/test/app/router/app_router_contract_test.dart,N/A,N/A,INHERIT,N/A,output-evidence/ui-v031/UI-CC-2026-07-21-G4B/W5/trace-row-reconciliation-20260722/route-trace-9-files-108-pass.raw.txt,381B7FD216DFC9A439B3772DB66C3095A38B96726F807B8473597D2FFB790579,2026-07-22T17:50:00+07:00,Codex deterministic evidence reconciliation; Product Owner G4B sign-off pending,proof_id=docs/qa/ui-v031/W5_ROUTE_TEST_TRACEABILITY.csv#RT-010;verified_contract=Pet detail is a root pushed route
UI031-TRACE-ROUTE-RT-011,PASS,ROUTE_FOCUSED_TEST,mobile/test/app/router/stateful_shell_navigation_test.dart;mobile/test/features/vets/vet_map_screen_test.dart,N/A,N/A,INHERIT,N/A,output-evidence/ui-v031/UI-CC-2026-07-21-G4B/W5/trace-row-reconciliation-20260722/route-trace-9-files-108-pass.raw.txt,381B7FD216DFC9A439B3772DB66C3095A38B96726F807B8473597D2FFB790579,2026-07-22T17:50:00+07:00,Codex deterministic evidence reconciliation; Product Owner G4B sign-off pending,proof_id=docs/qa/ui-v031/W5_ROUTE_TEST_TRACEABILITY.csv#RT-011;verified_contract=Vet map is branch 1 root
UI031-TRACE-ROUTE-RT-012,PASS,ROUTE_FOCUSED_TEST,mobile/test/app/router/app_router_contract_test.dart,N/A,N/A,INHERIT,N/A,output-evidence/ui-v031/UI-CC-2026-07-21-G4B/W5/trace-row-reconciliation-20260722/route-trace-9-files-108-pass.raw.txt,381B7FD216DFC9A439B3772DB66C3095A38B96726F807B8473597D2FFB790579,2026-07-22T17:50:00+07:00,Codex deterministic evidence reconciliation; Product Owner G4B sign-off pending,proof_id=docs/qa/ui-v031/W5_ROUTE_TEST_TRACEABILITY.csv#RT-012;verified_contract=Vet list is retained inside branch 1
UI031-TRACE-ROUTE-RT-013,PASS,ROUTE_FOCUSED_TEST,mobile/test/app/router/app_router_contract_test.dart;mobile/test/features/vets/vet_detail_navigation_test.dart,N/A,N/A,INHERIT,N/A,output-evidence/ui-v031/UI-CC-2026-07-21-G4B/W5/trace-row-reconciliation-20260722/route-trace-9-files-108-pass.raw.txt,381B7FD216DFC9A439B3772DB66C3095A38B96726F807B8473597D2FFB790579,2026-07-22T17:50:00+07:00,Codex deterministic evidence reconciliation; Product Owner G4B sign-off pending,proof_id=docs/qa/ui-v031/W5_ROUTE_TEST_TRACEABILITY.csv#RT-013;verified_contract=Vet detail uses a safe caller return
UI031-TRACE-ROUTE-RT-014,PASS,ROUTE_FOCUSED_TEST,mobile/test/app/router/stateful_shell_navigation_test.dart,N/A,N/A,INHERIT,N/A,output-evidence/ui-v031/UI-CC-2026-07-21-G4B/W5/trace-row-reconciliation-20260722/route-trace-9-files-108-pass.raw.txt,381B7FD216DFC9A439B3772DB66C3095A38B96726F807B8473597D2FFB790579,2026-07-22T17:50:00+07:00,Codex deterministic evidence reconciliation; Product Owner G4B sign-off pending,proof_id=docs/qa/ui-v031/W5_ROUTE_TEST_TRACEABILITY.csv#RT-014;verified_contract=Health is branch 2 root
UI031-TRACE-ROUTE-RT-015,PASS,ROUTE_FOCUSED_TEST,mobile/test/app/router/app_router_contract_test.dart,N/A,N/A,INHERIT,N/A,output-evidence/ui-v031/UI-CC-2026-07-21-G4B/W5/trace-row-reconciliation-20260722/route-trace-9-files-108-pass.raw.txt,381B7FD216DFC9A439B3772DB66C3095A38B96726F807B8473597D2FFB790579,2026-07-22T17:50:00+07:00,Codex deterministic evidence reconciliation; Product Owner G4B sign-off pending,proof_id=docs/qa/ui-v031/W5_ROUTE_TEST_TRACEABILITY.csv#RT-015;verified_contract=Health create is a root pushed route
UI031-TRACE-ROUTE-RT-016,PASS,ROUTE_FOCUSED_TEST,mobile/test/app/router/app_router_contract_test.dart,N/A,N/A,INHERIT,N/A,output-evidence/ui-v031/UI-CC-2026-07-21-G4B/W5/trace-row-reconciliation-20260722/route-trace-9-files-108-pass.raw.txt,381B7FD216DFC9A439B3772DB66C3095A38B96726F807B8473597D2FFB790579,2026-07-22T17:50:00+07:00,Codex deterministic evidence reconciliation; Product Owner G4B sign-off pending,proof_id=docs/qa/ui-v031/W5_ROUTE_TEST_TRACEABILITY.csv#RT-016;verified_contract=Reminder calendar remains a Health child
UI031-TRACE-ROUTE-RT-017,PASS,ROUTE_FOCUSED_TEST,mobile/test/app/router/app_router_contract_test.dart,N/A,N/A,INHERIT,N/A,output-evidence/ui-v031/UI-CC-2026-07-21-G4B/W5/trace-row-reconciliation-20260722/route-trace-9-files-108-pass.raw.txt,381B7FD216DFC9A439B3772DB66C3095A38B96726F807B8473597D2FFB790579,2026-07-22T17:50:00+07:00,Codex deterministic evidence reconciliation; Product Owner G4B sign-off pending,proof_id=docs/qa/ui-v031/W5_ROUTE_TEST_TRACEABILITY.csv#RT-017;verified_contract=Notifications belong to Profile and validate returnTo
UI031-TRACE-ROUTE-RT-018,PASS,ROUTE_FOCUSED_TEST,mobile/test/app/router/app_router_contract_test.dart,N/A,N/A,INHERIT,N/A,output-evidence/ui-v031/UI-CC-2026-07-21-G4B/W5/trace-row-reconciliation-20260722/route-trace-9-files-108-pass.raw.txt,381B7FD216DFC9A439B3772DB66C3095A38B96726F807B8473597D2FFB790579,2026-07-22T17:50:00+07:00,Codex deterministic evidence reconciliation; Product Owner G4B sign-off pending,proof_id=docs/qa/ui-v031/W5_ROUTE_TEST_TRACEABILITY.csv#RT-018;verified_contract=Community resolves to an honest unavailable screen
UI031-TRACE-ROUTE-RT-019,PASS,ROUTE_FOCUSED_TEST,mobile/test/app/router/app_router_contract_test.dart,N/A,N/A,INHERIT,N/A,output-evidence/ui-v031/UI-CC-2026-07-21-G4B/W5/trace-row-reconciliation-20260722/route-trace-9-files-108-pass.raw.txt,381B7FD216DFC9A439B3772DB66C3095A38B96726F807B8473597D2FFB790579,2026-07-22T17:50:00+07:00,Codex deterministic evidence reconciliation; Product Owner G4B sign-off pending,proof_id=docs/qa/ui-v031/W5_ROUTE_TEST_TRACEABILITY.csv#RT-019;verified_contract=Adoption resolves to an honest unavailable screen in Home
UI031-TRACE-ROUTE-RT-020,PASS,ROUTE_FOCUSED_TEST,mobile/test/app/router/app_router_contract_test.dart,N/A,N/A,INHERIT,N/A,output-evidence/ui-v031/UI-CC-2026-07-21-G4B/W5/trace-row-reconciliation-20260722/route-trace-9-files-108-pass.raw.txt,381B7FD216DFC9A439B3772DB66C3095A38B96726F807B8473597D2FFB790579,2026-07-22T17:50:00+07:00,Codex deterministic evidence reconciliation; Product Owner G4B sign-off pending,proof_id=docs/qa/ui-v031/W5_ROUTE_TEST_TRACEABILITY.csv#RT-020;verified_contract=Profile controls resolves to an honest unavailable child
UI031-TRACE-ROUTE-RT-021,PASS,ROUTE_FOCUSED_TEST,mobile/test/app/router/app_router_contract_test.dart,N/A,N/A,INHERIT,N/A,output-evidence/ui-v031/UI-CC-2026-07-21-G4B/W5/trace-row-reconciliation-20260722/route-trace-9-files-108-pass.raw.txt,381B7FD216DFC9A439B3772DB66C3095A38B96726F807B8473597D2FFB790579,2026-07-22T17:50:00+07:00,Codex deterministic evidence reconciliation; Product Owner G4B sign-off pending,proof_id=docs/qa/ui-v031/W5_ROUTE_TEST_TRACEABILITY.csv#RT-021;verified_contract=Privacy resolves to an honest unavailable child
UI031-TRACE-ROUTE-RT-022,PASS,ROUTE_FOCUSED_TEST,mobile/test/app/router/stateful_shell_navigation_test.dart,N/A,N/A,INHERIT,N/A,output-evidence/ui-v031/UI-CC-2026-07-21-G4B/W5/trace-row-reconciliation-20260722/route-trace-9-files-108-pass.raw.txt,381B7FD216DFC9A439B3772DB66C3095A38B96726F807B8473597D2FFB790579,2026-07-22T17:50:00+07:00,Codex deterministic evidence reconciliation; Product Owner G4B sign-off pending,proof_id=docs/qa/ui-v031/W5_ROUTE_TEST_TRACEABILITY.csv#RT-022;verified_contract=Profile is branch 4 root
UI031-TRACE-ROUTE-RT-023,PASS,ROUTE_FOCUSED_TEST,mobile/test/app/router/auth_route_guard_test.dart;mobile/test/app/router/app_route_registry_test.dart,N/A,N/A,INHERIT,N/A,output-evidence/ui-v031/UI-CC-2026-07-21-G4B/W5/trace-row-reconciliation-20260722/route-trace-9-files-108-pass.raw.txt,381B7FD216DFC9A439B3772DB66C3095A38B96726F807B8473597D2FFB790579,2026-07-22T17:50:00+07:00,Codex deterministic evidence reconciliation; Product Owner G4B sign-off pending,proof_id=docs/qa/ui-v031/W5_ROUTE_TEST_TRACEABILITY.csv#RT-023;verified_contract=Rescue root is branch 3 and fails closed by default
UI031-TRACE-ROUTE-RT-024,PASS,ROUTE_FOCUSED_TEST,mobile/test/app/router/auth_route_guard_test.dart;mobile/test/app/router/app_route_registry_test.dart,N/A,N/A,INHERIT,N/A,output-evidence/ui-v031/UI-CC-2026-07-21-G4B/W5/trace-row-reconciliation-20260722/route-trace-9-files-108-pass.raw.txt,381B7FD216DFC9A439B3772DB66C3095A38B96726F807B8473597D2FFB790579,2026-07-22T17:50:00+07:00,Codex deterministic evidence reconciliation; Product Owner G4B sign-off pending,proof_id=docs/qa/ui-v031/W5_ROUTE_TEST_TRACEABILITY.csv#RT-024;verified_contract=Rescue create has a handler and fails closed while disabled
UI031-TRACE-ROUTE-RT-025,PASS,ROUTE_FOCUSED_TEST,mobile/test/app/router/auth_route_guard_test.dart;mobile/test/app/router/app_route_registry_test.dart,N/A,N/A,INHERIT,N/A,output-evidence/ui-v031/UI-CC-2026-07-21-G4B/W5/trace-row-reconciliation-20260722/route-trace-9-files-108-pass.raw.txt,381B7FD216DFC9A439B3772DB66C3095A38B96726F807B8473597D2FFB790579,2026-07-22T17:50:00+07:00,Codex deterministic evidence reconciliation; Product Owner G4B sign-off pending,proof_id=docs/qa/ui-v031/W5_ROUTE_TEST_TRACEABILITY.csv#RT-025;verified_contract=Rescue details has a handler and fails closed while disabled
UI031-TRACE-ROUTE-RT-026,PASS,ROUTE_FOCUSED_TEST,mobile/test/app/router/app_router_contract_test.dart;mobile/test/app/router/app_route_registry_test.dart,N/A,N/A,INHERIT,N/A,output-evidence/ui-v031/UI-CC-2026-07-21-G4B/W5/trace-row-reconciliation-20260722/route-trace-9-files-108-pass.raw.txt,381B7FD216DFC9A439B3772DB66C3095A38B96726F807B8473597D2FFB790579,2026-07-22T17:50:00+07:00,Codex deterministic evidence reconciliation; Product Owner G4B sign-off pending,proof_id=docs/qa/ui-v031/W5_ROUTE_TEST_TRACEABILITY.csv#RT-026;verified_contract=Rescue map has a handler and fails closed while disabled
UI031-TRACE-ROUTE-RT-027,PASS,ROUTE_FOCUSED_TEST,mobile/test/app/router/auth_route_guard_test.dart;mobile/test/app/router/app_route_registry_test.dart,N/A,N/A,INHERIT,N/A,output-evidence/ui-v031/UI-CC-2026-07-21-G4B/W5/trace-row-reconciliation-20260722/route-trace-9-files-108-pass.raw.txt,381B7FD216DFC9A439B3772DB66C3095A38B96726F807B8473597D2FFB790579,2026-07-22T17:50:00+07:00,Codex deterministic evidence reconciliation; Product Owner G4B sign-off pending,proof_id=docs/qa/ui-v031/W5_ROUTE_TEST_TRACEABILITY.csv#RT-027;verified_contract=Rescue case has a handler and fails closed while disabled
UI031-TRACE-ROUTE-RT-028,PASS,ROUTE_FOCUSED_TEST,mobile/test/app/router/auth_route_guard_test.dart;mobile/test/app/router/app_route_registry_test.dart,N/A,N/A,INHERIT,N/A,output-evidence/ui-v031/UI-CC-2026-07-21-G4B/W5/trace-row-reconciliation-20260722/route-trace-9-files-108-pass.raw.txt,381B7FD216DFC9A439B3772DB66C3095A38B96726F807B8473597D2FFB790579,2026-07-22T17:50:00+07:00,Codex deterministic evidence reconciliation; Product Owner G4B sign-off pending,proof_id=docs/qa/ui-v031/W5_ROUTE_TEST_TRACEABILITY.csv#RT-028;verified_contract=Rescue comment has a handler and fails closed while disabled
UI031-TRACE-ROUTE-RT-029,PASS,ROUTE_FOCUSED_TEST,mobile/test/app/router/auth_route_guard_test.dart;mobile/test/app/router/app_route_registry_test.dart,N/A,N/A,INHERIT,N/A,output-evidence/ui-v031/UI-CC-2026-07-21-G4B/W5/trace-row-reconciliation-20260722/route-trace-9-files-108-pass.raw.txt,381B7FD216DFC9A439B3772DB66C3095A38B96726F807B8473597D2FFB790579,2026-07-22T17:50:00+07:00,Codex deterministic evidence reconciliation; Product Owner G4B sign-off pending,proof_id=docs/qa/ui-v031/W5_ROUTE_TEST_TRACEABILITY.csv#RT-029;verified_contract=Rescue status has a handler and fails closed while disabled
UI031-TRACE-ROUTE-RT-030,PASS,ROUTE_FOCUSED_TEST,mobile/test/app/router/auth_route_guard_test.dart;mobile/test/app/router/app_route_registry_test.dart,N/A,N/A,INHERIT,N/A,output-evidence/ui-v031/UI-CC-2026-07-21-G4B/W5/trace-row-reconciliation-20260722/route-trace-9-files-108-pass.raw.txt,381B7FD216DFC9A439B3772DB66C3095A38B96726F807B8473597D2FFB790579,2026-07-22T17:50:00+07:00,Codex deterministic evidence reconciliation; Product Owner G4B sign-off pending,proof_id=docs/qa/ui-v031/W5_ROUTE_TEST_TRACEABILITY.csv#RT-030;verified_contract=Rescue discussion has a handler and fails closed while disabled
UI031-TRACE-ROUTE-RT-031,PASS,ROUTE_FOCUSED_TEST,mobile/test/app/router/app_route_registry_test.dart;mobile/test/app/router/auth_route_guard_test.dart,N/A,N/A,INHERIT,N/A,output-evidence/ui-v031/UI-CC-2026-07-21-G4B/W5/trace-row-reconciliation-20260722/route-trace-9-files-108-pass.raw.txt,381B7FD216DFC9A439B3772DB66C3095A38B96726F807B8473597D2FFB790579,2026-07-22T17:50:00+07:00,Codex deterministic evidence reconciliation; Product Owner G4B sign-off pending,proof_id=docs/qa/ui-v031/W5_ROUTE_TEST_TRACEABILITY.csv#RT-031;verified_contract=Unapproved adoption pet route is rejected and falls back safely
UI031-TRACE-ROUTE-RT-032,PASS,ROUTE_FOCUSED_TEST,mobile/test/app/router/app_route_registry_test.dart;mobile/test/app/router/auth_route_guard_test.dart,N/A,N/A,INHERIT,N/A,output-evidence/ui-v031/UI-CC-2026-07-21-G4B/W5/trace-row-reconciliation-20260722/route-trace-9-files-108-pass.raw.txt,381B7FD216DFC9A439B3772DB66C3095A38B96726F807B8473597D2FFB790579,2026-07-22T17:50:00+07:00,Codex deterministic evidence reconciliation; Product Owner G4B sign-off pending,proof_id=docs/qa/ui-v031/W5_ROUTE_TEST_TRACEABILITY.csv#RT-032;verified_contract=Unapproved adoption request route is rejected and falls back safely
UI031-TRACE-ROUTE-RT-033,PASS,ROUTE_FOCUSED_TEST,mobile/test/app/router/app_route_registry_test.dart;mobile/test/app/router/auth_route_guard_test.dart,N/A,N/A,INHERIT,N/A,output-evidence/ui-v031/UI-CC-2026-07-21-G4B/W5/trace-row-reconciliation-20260722/route-trace-9-files-108-pass.raw.txt,381B7FD216DFC9A439B3772DB66C3095A38B96726F807B8473597D2FFB790579,2026-07-22T17:50:00+07:00,Codex deterministic evidence reconciliation; Product Owner G4B sign-off pending,proof_id=docs/qa/ui-v031/W5_ROUTE_TEST_TRACEABILITY.csv#RT-033;verified_contract=Unapproved adoption chat route is rejected and falls back safely
UI031-TRACE-ROUTE-RT-034,PASS,ROUTE_FOCUSED_TEST,mobile/test/app/router/app_route_registry_test.dart;mobile/test/app/router/auth_route_guard_test.dart,N/A,N/A,INHERIT,N/A,output-evidence/ui-v031/UI-CC-2026-07-21-G4B/W5/trace-row-reconciliation-20260722/route-trace-9-files-108-pass.raw.txt,381B7FD216DFC9A439B3772DB66C3095A38B96726F807B8473597D2FFB790579,2026-07-22T17:50:00+07:00,Codex deterministic evidence reconciliation; Product Owner G4B sign-off pending,proof_id=docs/qa/ui-v031/W5_ROUTE_TEST_TRACEABILITY.csv#RT-034;verified_contract=Unapproved adoption requests route is rejected and falls back safely
UI031-TRACE-ROUTE-RT-035,PASS,ROUTE_FOCUSED_TEST,mobile/test/app/router/app_route_registry_test.dart;mobile/test/app/router/auth_route_guard_test.dart,N/A,N/A,INHERIT,N/A,output-evidence/ui-v031/UI-CC-2026-07-21-G4B/W5/trace-row-reconciliation-20260722/route-trace-9-files-108-pass.raw.txt,381B7FD216DFC9A439B3772DB66C3095A38B96726F807B8473597D2FFB790579,2026-07-22T17:50:00+07:00,Codex deterministic evidence reconciliation; Product Owner G4B sign-off pending,proof_id=docs/qa/ui-v031/W5_ROUTE_TEST_TRACEABILITY.csv#RT-035;verified_contract=Unapproved notification preferences route is rejected and falls back safely
UI031-TRACE-ROUTE-RT-036,PASS,ROUTE_FOCUSED_TEST,mobile/test/features/vets/day25_vet_feature_test.dart;mobile/test/features/vets/vet_screens_test.dart,N/A,N/A,INHERIT,N/A,output-evidence/ui-v031/UI-CC-2026-07-21-G4B/W5/trace-row-reconciliation-20260722/route-trace-9-files-108-pass.raw.txt,381B7FD216DFC9A439B3772DB66C3095A38B96726F807B8473597D2FFB790579,2026-07-22T17:50:00+07:00,Codex deterministic evidence reconciliation; Product Owner G4B sign-off pending,proof_id=docs/qa/ui-v031/W5_ROUTE_TEST_TRACEABILITY.csv#RT-036;verified_contract=Vet review opens as a modal and refreshes on success
UI031-TRACE-ROUTE-RB-001,PASS,ROUTE_FOCUSED_TEST,mobile/test/app/router/auth_route_guard_test.dart,N/A,N/A,INHERIT,N/A,output-evidence/ui-v031/UI-CC-2026-07-21-G4B/W5/trace-row-reconciliation-20260722/route-trace-9-files-108-pass.raw.txt,381B7FD216DFC9A439B3772DB66C3095A38B96726F807B8473597D2FFB790579,2026-07-22T17:50:00+07:00,Codex deterministic evidence reconciliation; Product Owner G4B sign-off pending,proof_id=docs/qa/ui-v031/W5_ROUTE_TEST_TRACEABILITY.csv#RB-001;verified_contract=Every protected route family redirects guests with encoded returnTo
UI031-TRACE-ROUTE-RB-002,PASS,ROUTE_FOCUSED_TEST,mobile/test/features/auth/auth_return_route_test.dart;mobile/test/app/router/app_route_registry_test.dart,N/A,N/A,INHERIT,N/A,output-evidence/ui-v031/UI-CC-2026-07-21-G4B/W5/trace-row-reconciliation-20260722/route-trace-9-files-108-pass.raw.txt,381B7FD216DFC9A439B3772DB66C3095A38B96726F807B8473597D2FFB790579,2026-07-22T17:50:00+07:00,Codex deterministic evidence reconciliation; Product Owner G4B sign-off pending,proof_id=docs/qa/ui-v031/W5_ROUTE_TEST_TRACEABILITY.csv#RB-002;verified_contract=External malformed and unknown returnTo values are rejected
UI031-TRACE-ROUTE-RB-003,PASS,ROUTE_FOCUSED_TEST,mobile/test/app/router/stateful_shell_navigation_test.dart,N/A,N/A,INHERIT,N/A,output-evidence/ui-v031/UI-CC-2026-07-21-G4B/W5/trace-row-reconciliation-20260722/route-trace-9-files-108-pass.raw.txt,381B7FD216DFC9A439B3772DB66C3095A38B96726F807B8473597D2FFB790579,2026-07-22T17:50:00+07:00,Codex deterministic evidence reconciliation; Product Owner G4B sign-off pending,proof_id=docs/qa/ui-v031/W5_ROUTE_TEST_TRACEABILITY.csv#RB-003;verified_contract=Five indexed branches retain child navigation state
UI031-TRACE-ROUTE-RB-004,PASS,ROUTE_FOCUSED_TEST,mobile/test/app/router/stateful_shell_navigation_test.dart,N/A,N/A,INHERIT,N/A,output-evidence/ui-v031/UI-CC-2026-07-21-G4B/W5/trace-row-reconciliation-20260722/route-trace-9-files-108-pass.raw.txt,381B7FD216DFC9A439B3772DB66C3095A38B96726F807B8473597D2FFB790579,2026-07-22T17:50:00+07:00,Codex deterministic evidence reconciliation; Product Owner G4B sign-off pending,proof_id=docs/qa/ui-v031/W5_ROUTE_TEST_TRACEABILITY.csv#RB-004;verified_contract=Active child reselect pops only that branch to root
UI031-TRACE-ROUTE-RB-005,PASS,ROUTE_FOCUSED_TEST,mobile/test/app/router/stateful_shell_navigation_test.dart,N/A,N/A,INHERIT,N/A,output-evidence/ui-v031/UI-CC-2026-07-21-G4B/W5/trace-row-reconciliation-20260722/route-trace-9-files-108-pass.raw.txt,381B7FD216DFC9A439B3772DB66C3095A38B96726F807B8473597D2FFB790579,2026-07-22T17:50:00+07:00,Codex deterministic evidence reconciliation; Product Owner G4B sign-off pending,proof_id=docs/qa/ui-v031/W5_ROUTE_TEST_TRACEABILITY.csv#RB-005;verified_contract=Visible root reselect scrolls its primary controller to zero
UI031-TRACE-ROUTE-RB-006,PASS,ROUTE_FOCUSED_TEST,mobile/test/app/router/stateful_shell_navigation_test.dart,N/A,N/A,INHERIT,N/A,output-evidence/ui-v031/UI-CC-2026-07-21-G4B/W5/trace-row-reconciliation-20260722/route-trace-9-files-108-pass.raw.txt,381B7FD216DFC9A439B3772DB66C3095A38B96726F807B8473597D2FFB790579,2026-07-22T17:50:00+07:00,Codex deterministic evidence reconciliation; Product Owner G4B sign-off pending,proof_id=docs/qa/ui-v031/W5_ROUTE_TEST_TRACEABILITY.csv#RB-006;verified_contract=Android root back is unhandled by the router and delegates to system exit
UI031-TRACE-ROUTE-RB-007,PASS,ROUTE_FOCUSED_TEST,mobile/test/app/router/stateful_shell_navigation_test.dart,N/A,N/A,INHERIT,N/A,output-evidence/ui-v031/UI-CC-2026-07-21-G4B/W5/trace-row-reconciliation-20260722/route-trace-9-files-108-pass.raw.txt,381B7FD216DFC9A439B3772DB66C3095A38B96726F807B8473597D2FFB790579,2026-07-22T17:50:00+07:00,Codex deterministic evidence reconciliation; Product Owner G4B sign-off pending,proof_id=docs/qa/ui-v031/W5_ROUTE_TEST_TRACEABILITY.csv#RB-007;verified_contract=iOS pushed route uses CupertinoPage and enables pop gesture
UI031-TRACE-ROUTE-RB-008,PASS,ROUTE_FOCUSED_TEST,mobile/test/app/router/auth_route_guard_test.dart,N/A,N/A,INHERIT,N/A,output-evidence/ui-v031/UI-CC-2026-07-21-G4B/W5/trace-row-reconciliation-20260722/route-trace-9-files-108-pass.raw.txt,381B7FD216DFC9A439B3772DB66C3095A38B96726F807B8473597D2FFB790579,2026-07-22T17:50:00+07:00,Codex deterministic evidence reconciliation; Product Owner G4B sign-off pending,proof_id=docs/qa/ui-v031/W5_ROUTE_TEST_TRACEABILITY.csv#RB-008;verified_contract=Authenticated unknown route renders a safe in-app fallback
UI031-TRACE-CTA-P1-07-DISMISS-REMINDER,PASS,CTA_FOCUSED_TEST,mobile/test/features/pets/pet_navigation_test.dart#Pet home defer CTA snoozes a real reminder by one hour,N/A,N/A,442:198,N/A,output-evidence/ui-v031/UI-CC-2026-07-21-G4B/W6/B/root-verification/codex-rtk-safe-20260721-182731-d5444ca8.raw.txt,981C814AC4D525034918954B8F32068D25923CC657AF529A0D8FCAF4EB271F92,2026-07-22T17:50:00+07:00,Codex deterministic evidence reconciliation; Product Owner G4B sign-off pending,proof_id=docs/qa/ui-v031/cta_matrix.csv#CTA-P1-07-DISMISS-REMINDER;cta_test_status=PASS
UI031-TRACE-CTA-P2-01-POST-ALERT,PASS,CTA_FAIL_CLOSED_TEST_AND_GOLDEN,mobile/test/features/rescue/rescue_home_screen_test.dart#rescue home fails closed without fabricated cases,mobile/test/visual/goldens/ui-v031-rescue/rescue-staged-390x844.png,9FEC9128DB8C95B049720BA217C03F6F4451E48AABF4ED9FA492B680418E6DF6,442:855,N/A,output-evidence/ui-v031/UI-CC-2026-07-21-G4B/W6/trace-row-reconciliation-20260722/rescue-cta-and-golden-6-pass.raw.txt,CF913C529B7B64B01DDB55FCAD8CBD35A196119271B98E9E4F2FBEED930CAFB1,2026-07-22T17:50:00+07:00,Codex deterministic evidence reconciliation; Product Owner G4B sign-off pending,proof_id=docs/qa/ui-v031/cta_matrix.csv#CTA-P2-01-POST-ALERT;cta_test_status=PASS
UI031-TRACE-CTA-NAV-HOME,PASS,CTA_ROW_EXECUTION_MANIFEST,mobile/test/app/router/stateful_shell_navigation_test.dart#five shell branches retain child history and active-tab reselect pops home,N/A,N/A,442:198,N/A,output-evidence/ui-v031/UI-CC-2026-07-21-G4B/W8/cta-row-proof-20260723/rows/CTA-NAV-HOME.json,73FC93893E0EC584E137B11EF0AEB0921951954E63AD307EF8F5FBDC31CA68F0,2026-07-22T17:50:00+07:00,Codex deterministic evidence reconciliation; Product Owner G4B sign-off pending,proof_id=docs/qa/ui-v031/cta_matrix.csv#CTA-NAV-HOME;cta_test_status=PASS
UI031-TRACE-CTA-NAV-VET,PASS,CTA_ROW_EXECUTION_MANIFEST,mobile/test/app/router/stateful_shell_navigation_test.dart#five shell branches retain child history and active-tab reselect pops home,N/A,N/A,442:275,N/A,output-evidence/ui-v031/UI-CC-2026-07-21-G4B/W8/cta-row-proof-20260723/rows/CTA-NAV-VET.json,0219B744C09BA2CDCFBBD2B2CE8EC9AC952371F47E41418910C3657917AF5911,2026-07-22T17:50:00+07:00,Codex deterministic evidence reconciliation; Product Owner G4B sign-off pending,proof_id=docs/qa/ui-v031/cta_matrix.csv#CTA-NAV-VET;cta_test_status=PASS
UI031-TRACE-CTA-NAV-HEALTH,PASS,CTA_ROW_EXECUTION_MANIFEST,mobile/test/app/router/stateful_shell_navigation_test.dart#five shell branches retain child history and active-tab reselect pops home,N/A,N/A,442:516,N/A,output-evidence/ui-v031/UI-CC-2026-07-21-G4B/W8/cta-row-proof-20260723/rows/CTA-NAV-HEALTH.json,03C15486655C0AA0DE38724A7C760B25291BEB835A151FD90C70B33218FECF9C,2026-07-22T17:50:00+07:00,Codex deterministic evidence reconciliation; Product Owner G4B sign-off pending,proof_id=docs/qa/ui-v031/cta_matrix.csv#CTA-NAV-HEALTH;cta_test_status=PASS
UI031-TRACE-CTA-NAV-RESCUE,PASS,CTA_ROW_EXECUTION_MANIFEST,mobile/test/app/router/stateful_shell_navigation_test.dart#five shell branches retain child history and active-tab reselect pops home,N/A,N/A,442:855,N/A,output-evidence/ui-v031/UI-CC-2026-07-21-G4B/W8/cta-row-proof-20260723/rows/CTA-NAV-RESCUE.json,53F4DC2719C24A65BAD72F0455BE95522D1C2006244390B8C2D1A0125D50D45C,2026-07-22T17:50:00+07:00,Codex deterministic evidence reconciliation; Product Owner G4B sign-off pending,proof_id=docs/qa/ui-v031/cta_matrix.csv#CTA-NAV-RESCUE;cta_test_status=PASS
UI031-TRACE-CTA-NAV-PROFILE,PASS,CTA_ROW_EXECUTION_MANIFEST,mobile/test/app/router/stateful_shell_navigation_test.dart#five shell branches retain child history and active-tab reselect pops home,N/A,N/A,442:792,N/A,output-evidence/ui-v031/UI-CC-2026-07-21-G4B/W8/cta-row-proof-20260723/rows/CTA-NAV-PROFILE.json,3FDEE0944BDAD38459E1109B1EF940115BB5929A81F7FE44AB4474173CEF851E,2026-07-22T17:50:00+07:00,Codex deterministic evidence reconciliation; Product Owner G4B sign-off pending,proof_id=docs/qa/ui-v031/cta_matrix.csv#CTA-NAV-PROFILE;cta_test_status=PASS
UI031-TRACE-CTA-P1-01-CONTINUE,PASS,CTA_ROW_EXECUTION_MANIFEST,mobile/test/widget_test.dart#onboarding continue stores draft and opens register,N/A,N/A,442:6,N/A,output-evidence/ui-v031/UI-CC-2026-07-21-G4B/W8/cta-row-proof-20260723/rows/CTA-P1-01-CONTINUE.json,3F1AF302A53DBFD6F58343CA786779388DBCE5E4E0BC26CEF2E18D602A490F25,2026-07-22T17:50:00+07:00,Codex deterministic evidence reconciliation; Product Owner G4B sign-off pending,proof_id=docs/qa/ui-v031/cta_matrix.csv#CTA-P1-01-CONTINUE;cta_test_status=PASS
UI031-TRACE-CTA-P1-01-LOGIN,PASS,CTA_ROW_EXECUTION_MANIFEST,mobile/test/features/onboarding/onboarding_screen_test.dart#onboarding restores local draft and skip opens login,N/A,N/A,442:6,N/A,output-evidence/ui-v031/UI-CC-2026-07-21-G4B/W8/cta-row-proof-20260723/rows/CTA-P1-01-LOGIN.json,2F8B876155EF5042FA916C5D0BAEB66C005737FA17CC9200F33D58C04E8BC3A1,2026-07-22T17:50:00+07:00,Codex deterministic evidence reconciliation; Product Owner G4B sign-off pending,proof_id=docs/qa/ui-v031/cta_matrix.csv#CTA-P1-01-LOGIN;cta_test_status=PASS
UI031-TRACE-CTA-P1-02-LOGIN,PASS,CTA_ROW_EXECUTION_MANIFEST,mobile/test/features/auth/login_screen_test.dart#login success routes to Phase 1 Home at /pets,N/A,N/A,442:23,N/A,output-evidence/ui-v031/UI-CC-2026-07-21-G4B/W8/cta-row-proof-20260723/rows/CTA-P1-02-LOGIN.json,F1C30E737D9B660E0F905A1BEE853213D879990B00B82879158C00F4F14A3609,2026-07-22T17:50:00+07:00,Codex deterministic evidence reconciliation; Product Owner G4B sign-off pending,proof_id=docs/qa/ui-v031/cta_matrix.csv#CTA-P1-02-LOGIN;cta_test_status=PASS
UI031-TRACE-CTA-P1-02-REGISTER,PASS,CTA_ROW_EXECUTION_MANIFEST,mobile/test/features/auth/login_screen_test.dart#register link passes the entered email only,N/A,N/A,442:23,N/A,output-evidence/ui-v031/UI-CC-2026-07-21-G4B/W8/cta-row-proof-20260723/rows/CTA-P1-02-REGISTER.json,DA2E60EF2F5FE3D9241E9B6FF152483328A2B207315CA3436D015160C5156408,2026-07-22T17:50:00+07:00,Codex deterministic evidence reconciliation; Product Owner G4B sign-off pending,proof_id=docs/qa/ui-v031/cta_matrix.csv#CTA-P1-02-REGISTER;cta_test_status=PASS
UI031-TRACE-CTA-P1-02-FORGOT,PASS,CTA_ROW_EXECUTION_MANIFEST,mobile/test/features/auth/login_screen_test.dart#login shows v0.27 content and keeps API error inline,N/A,N/A,442:23,N/A,output-evidence/ui-v031/UI-CC-2026-07-21-G4B/W8/cta-row-proof-20260723/rows/CTA-P1-02-FORGOT.json,B6038961B2B706176955F5851AF35A1510382F3959019EAC74E7A3AB5AAE3051,2026-07-22T17:50:00+07:00,Codex deterministic evidence reconciliation; Product Owner G4B sign-off pending,proof_id=docs/qa/ui-v031/cta_matrix.csv#CTA-P1-02-FORGOT;cta_test_status=PASS
UI031-TRACE-CTA-P1-03-CREATE,PASS,CTA_ROW_EXECUTION_MANIFEST,mobile/test/features/auth/register_screen_test.dart#Register success routes to OTP with verification window,N/A,N/A,442:47,N/A,output-evidence/ui-v031/UI-CC-2026-07-21-G4B/W8/cta-row-proof-20260723/rows/CTA-P1-03-CREATE.json,BFA5AC3D08C5043F10A697D71411AEF5E0573DC9FC6654B358927150840E6CFC,2026-07-22T17:50:00+07:00,Codex deterministic evidence reconciliation; Product Owner G4B sign-off pending,proof_id=docs/qa/ui-v031/cta_matrix.csv#CTA-P1-03-CREATE;cta_test_status=PASS
UI031-TRACE-CTA-P1-03-LOGIN,PASS,CTA_ROW_EXECUTION_MANIFEST,mobile/test/app/router/app_router_contract_test.dart#production router exposes the canonical route inventory,N/A,N/A,442:47,N/A,output-evidence/ui-v031/UI-CC-2026-07-21-G4B/W8/cta-row-proof-20260723/rows/CTA-P1-03-LOGIN.json,3E272C8BE9EAFB2247D8B020739A12B42CE36052DC5F857B058359CF39DA4289,2026-07-22T17:50:00+07:00,Codex deterministic evidence reconciliation; Product Owner G4B sign-off pending,proof_id=docs/qa/ui-v031/cta_matrix.csv#CTA-P1-03-LOGIN;cta_test_status=PASS
UI031-TRACE-CTA-P1-04-VERIFY,PASS,CTA_ROW_EXECUTION_MANIFEST,mobile/test/features/auth/otp_screen_test.dart#OTP success persists session atomically and routes to Home,N/A,N/A,442:73,N/A,output-evidence/ui-v031/UI-CC-2026-07-21-G4B/W8/cta-row-proof-20260723/rows/CTA-P1-04-VERIFY.json,A377A295C2283DC08EB87384F15720DE99216AB0B5D53761944DF3B3116D343F,2026-07-22T17:50:00+07:00,Codex deterministic evidence reconciliation; Product Owner G4B sign-off pending,proof_id=docs/qa/ui-v031/cta_matrix.csv#CTA-P1-04-VERIFY;cta_test_status=PASS
UI031-TRACE-CTA-P1-04-RESEND,PASS,CTA_ROW_EXECUTION_MANIFEST,mobile/test/features/auth/otp_screen_test.dart#Resend clears OTP and applies server verification window,N/A,N/A,442:73,N/A,output-evidence/ui-v031/UI-CC-2026-07-21-G4B/W8/cta-row-proof-20260723/rows/CTA-P1-04-RESEND.json,4D5963E01998132B3CD7F55FA7FCF8C275DB45FF102321501D306C0798053B2F,2026-07-22T17:50:00+07:00,Codex deterministic evidence reconciliation; Product Owner G4B sign-off pending,proof_id=docs/qa/ui-v031/cta_matrix.csv#CTA-P1-04-RESEND;cta_test_status=PASS
UI031-TRACE-CTA-P1-04-CHANGE-EMAIL,PASS,CTA_ROW_EXECUTION_MANIFEST,mobile/test/features/auth/otp_screen_test.dart#Expired OTP change-email action preserves email,N/A,N/A,442:73,N/A,output-evidence/ui-v031/UI-CC-2026-07-21-G4B/W8/cta-row-proof-20260723/rows/CTA-P1-04-CHANGE-EMAIL.json,0535A8C9F991194C90298DA6CE839AC26887E06ABDD0025C87A886AD56295150,2026-07-22T17:50:00+07:00,Codex deterministic evidence reconciliation; Product Owner G4B sign-off pending,proof_id=docs/qa/ui-v031/cta_matrix.csv#CTA-P1-04-CHANGE-EMAIL;cta_test_status=PASS
UI031-TRACE-CTA-P1-04-BACK-REGISTER,PASS,CTA_ROW_EXECUTION_MANIFEST,mobile/test/app/router/app_router_contract_test.dart#production router exposes the canonical route inventory,N/A,N/A,442:73,N/A,output-evidence/ui-v031/UI-CC-2026-07-21-G4B/W8/cta-row-proof-20260723/rows/CTA-P1-04-BACK-REGISTER.json,5859E410780B4E3335D606EDA13598C80CD628F149591833C365E7EF35540C83,2026-07-22T17:50:00+07:00,Codex deterministic evidence reconciliation; Product Owner G4B sign-off pending,proof_id=docs/qa/ui-v031/cta_matrix.csv#CTA-P1-04-BACK-REGISTER;cta_test_status=PASS
UI031-TRACE-CTA-P1-05-PET-DETAIL,PASS,CTA_ROW_EXECUTION_MANIFEST,mobile/test/app/router/app_router_contract_test.dart#production router exposes the canonical route inventory,N/A,N/A,442:102,N/A,output-evidence/ui-v031/UI-CC-2026-07-21-G4B/W8/cta-row-proof-20260723/rows/CTA-P1-05-PET-DETAIL.json,F4AF4D34FAE009362B80B9880465C2D19CA0767AED3BC13C5413F990FF4FD9EB,2026-07-22T17:50:00+07:00,Codex deterministic evidence reconciliation; Product Owner G4B sign-off pending,proof_id=docs/qa/ui-v031/cta_matrix.csv#CTA-P1-05-PET-DETAIL;cta_test_status=PASS
UI031-TRACE-CTA-P1-05-ADD-PET,PASS,CTA_ROW_EXECUTION_MANIFEST,mobile/test/app/router/app_router_contract_test.dart#production router exposes the canonical route inventory,N/A,N/A,442:102,N/A,output-evidence/ui-v031/UI-CC-2026-07-21-G4B/W8/cta-row-proof-20260723/rows/CTA-P1-05-ADD-PET.json,27A1B1C33595E05C2B115B1B388406209A7D76E102C0C75CD030C1F20D92AEF1,2026-07-22T17:50:00+07:00,Codex deterministic evidence reconciliation; Product Owner G4B sign-off pending,proof_id=docs/qa/ui-v031/cta_matrix.csv#CTA-P1-05-ADD-PET;cta_test_status=PASS
UI031-TRACE-CTA-P1-05-NOTIFICATIONS,PASS,CTA_ROW_EXECUTION_MANIFEST,mobile/test/app/router/app_router_contract_test.dart#production router exposes the canonical route inventory,N/A,N/A,442:102,N/A,output-evidence/ui-v031/UI-CC-2026-07-21-G4B/W8/cta-row-proof-20260723/rows/CTA-P1-05-NOTIFICATIONS.json,91E89353976087D81A9682736450E1BA77AD41C53052CC896F8F8032D1998CF7,2026-07-22T17:50:00+07:00,Codex deterministic evidence reconciliation; Product Owner G4B sign-off pending,proof_id=docs/qa/ui-v031/cta_matrix.csv#CTA-P1-05-NOTIFICATIONS;cta_test_status=PASS
UI031-TRACE-CTA-P1-06-SAVE,PASS,CTA_ROW_EXECUTION_MANIFEST,mobile/test/features/pets/pet_navigation_test.dart#Pet form save adds pet and returns to refreshed pet list,N/A,N/A,442:151,N/A,output-evidence/ui-v031/UI-CC-2026-07-21-G4B/W8/cta-row-proof-20260723/rows/CTA-P1-06-SAVE.json,C70108E8E56BCC1A7C5490A1CB3612722E9365D064039EBCD8D7864A657C53EC,2026-07-22T17:50:00+07:00,Codex deterministic evidence reconciliation; Product Owner G4B sign-off pending,proof_id=docs/qa/ui-v031/cta_matrix.csv#CTA-P1-06-SAVE;cta_test_status=PASS
UI031-TRACE-CTA-P1-06-BACK,PASS,CTA_ROW_EXECUTION_MANIFEST,mobile/test/features/pets/pet_screens_day18_test.dart#P1-06 preserves an unfinished draft after leaving the form,N/A,N/A,442:151,N/A,output-evidence/ui-v031/UI-CC-2026-07-21-G4B/W8/cta-row-proof-20260723/rows/CTA-P1-06-BACK.json,02B198C45CC733EC9850622EE3BF28EABE67D0ADC49FF7EB7A7A4C11F64E61C0,2026-07-22T17:50:00+07:00,Codex deterministic evidence reconciliation; Product Owner G4B sign-off pending,proof_id=docs/qa/ui-v031/cta_matrix.csv#CTA-P1-06-BACK;cta_test_status=PASS
UI031-TRACE-CTA-P1-07-PROFILE,PASS,CTA_ROW_EXECUTION_MANIFEST,mobile/test/app/router/stateful_shell_navigation_test.dart#five shell branches retain child history and active-tab reselect pops home,N/A,N/A,442:198,N/A,output-evidence/ui-v031/UI-CC-2026-07-21-G4B/W8/cta-row-proof-20260723/rows/CTA-P1-07-PROFILE.json,CDA2638DD8E42965418E4877EC91781BFDC083D9F4E3C5D22948C534E340A6B1,2026-07-22T17:50:00+07:00,Codex deterministic evidence reconciliation; Product Owner G4B sign-off pending,proof_id=docs/qa/ui-v031/cta_matrix.csv#CTA-P1-07-PROFILE;cta_test_status=PASS
UI031-TRACE-CTA-P1-07-NOTIFICATIONS,PASS,CTA_ROW_EXECUTION_MANIFEST,mobile/test/app/router/app_router_contract_test.dart#production router exposes the canonical route inventory,N/A,N/A,442:198,N/A,output-evidence/ui-v031/UI-CC-2026-07-21-G4B/W8/cta-row-proof-20260723/rows/CTA-P1-07-NOTIFICATIONS.json,6BC7084C993DAF89C178F984BBF27CDAEA374D2CC443F893C7F193424B0BC089,2026-07-22T17:50:00+07:00,Codex deterministic evidence reconciliation; Product Owner G4B sign-off pending,proof_id=docs/qa/ui-v031/cta_matrix.csv#CTA-P1-07-NOTIFICATIONS;cta_test_status=PASS
UI031-TRACE-CTA-P1-07-SEARCH,PASS,CTA_ROW_EXECUTION_MANIFEST,mobile/test/app/router/app_router_contract_test.dart#production router exposes the canonical route inventory,N/A,N/A,442:198,N/A,output-evidence/ui-v031/UI-CC-2026-07-21-G4B/W8/cta-row-proof-20260723/rows/CTA-P1-07-SEARCH.json,03A6E6917296CB65989E89CBADF2CBFB7BFC7F80B4C6BFC846055FCCC3312C04,2026-07-22T17:50:00+07:00,Codex deterministic evidence reconciliation; Product Owner G4B sign-off pending,proof_id=docs/qa/ui-v031/cta_matrix.csv#CTA-P1-07-SEARCH;cta_test_status=PASS
UI031-TRACE-CTA-P1-07-PET-DETAIL,PASS,CTA_ROW_EXECUTION_MANIFEST,mobile/test/app/router/app_router_contract_test.dart#production router exposes the canonical route inventory,N/A,N/A,442:198,N/A,output-evidence/ui-v031/UI-CC-2026-07-21-G4B/W8/cta-row-proof-20260723/rows/CTA-P1-07-PET-DETAIL.json,20E7A80F1AE5BF6E5613D2BF090A646BE3E9E902CB1F9B944D3384F1B3277DD3,2026-07-22T17:50:00+07:00,Codex deterministic evidence reconciliation; Product Owner G4B sign-off pending,proof_id=docs/qa/ui-v031/cta_matrix.csv#CTA-P1-07-PET-DETAIL;cta_test_status=PASS
UI031-TRACE-CTA-P1-07-ADD-PET,PASS,CTA_ROW_EXECUTION_MANIFEST,mobile/test/app/router/app_router_contract_test.dart#production router exposes the canonical route inventory,N/A,N/A,442:198,N/A,output-evidence/ui-v031/UI-CC-2026-07-21-G4B/W8/cta-row-proof-20260723/rows/CTA-P1-07-ADD-PET.json,C4E1653DD583C7696D774AC480CFC5B2390AD80590E6C05E3AE6853DAD7D647D,2026-07-22T17:50:00+07:00,Codex deterministic evidence reconciliation; Product Owner G4B sign-off pending,proof_id=docs/qa/ui-v031/cta_matrix.csv#CTA-P1-07-ADD-PET;cta_test_status=PASS
UI031-TRACE-CTA-P1-07-HEALTH,PASS,CTA_ROW_EXECUTION_MANIFEST,mobile/test/app/router/stateful_shell_navigation_test.dart#five shell branches retain child history and active-tab reselect pops home,N/A,N/A,442:198,N/A,output-evidence/ui-v031/UI-CC-2026-07-21-G4B/W8/cta-row-proof-20260723/rows/CTA-P1-07-HEALTH.json,D7BA05C2A9B1DC00C6F30435888AD147534DD0BDBAA28B559AF0A6CE6D41C2BD,2026-07-22T17:50:00+07:00,Codex deterministic evidence reconciliation; Product Owner G4B sign-off pending,proof_id=docs/qa/ui-v031/cta_matrix.csv#CTA-P1-07-HEALTH;cta_test_status=PASS
UI031-TRACE-CTA-P1-07-REMINDER,PASS,CTA_ROW_EXECUTION_MANIFEST,mobile/test/app/router/app_router_contract_test.dart#production router exposes the canonical route inventory,N/A,N/A,442:198,N/A,output-evidence/ui-v031/UI-CC-2026-07-21-G4B/W8/cta-row-proof-20260723/rows/CTA-P1-07-REMINDER.json,51611D92A20DD46942AB53F57D31C590CCD4317CA5969C029892BAEB1909AFF7,2026-07-22T17:50:00+07:00,Codex deterministic evidence reconciliation; Product Owner G4B sign-off pending,proof_id=docs/qa/ui-v031/cta_matrix.csv#CTA-P1-07-REMINDER;cta_test_status=PASS
UI031-TRACE-CTA-P1-07-RESCUE,PASS,CTA_ROW_EXECUTION_MANIFEST,mobile/test/app/router/stateful_shell_navigation_test.dart#five shell branches retain child history and active-tab reselect pops home,N/A,N/A,442:198,N/A,output-evidence/ui-v031/UI-CC-2026-07-21-G4B/W8/cta-row-proof-20260723/rows/CTA-P1-07-RESCUE.json,FE8052B7B25BED2633C3936309905E206052477DAA316C1ADBB5083DF0EC4091,2026-07-22T17:50:00+07:00,Codex deterministic evidence reconciliation; Product Owner G4B sign-off pending,proof_id=docs/qa/ui-v031/cta_matrix.csv#CTA-P1-07-RESCUE;cta_test_status=PASS
UI031-TRACE-CTA-P1-07-FIND-VET,PASS,CTA_ROW_EXECUTION_MANIFEST,mobile/test/app/router/stateful_shell_navigation_test.dart#five shell branches retain child history and active-tab reselect pops home,N/A,N/A,442:198,N/A,output-evidence/ui-v031/UI-CC-2026-07-21-G4B/W8/cta-row-proof-20260723/rows/CTA-P1-07-FIND-VET.json,D99FC03F78BFEA68F2C9895853F6E21D3801C2BB5D0368344CF29DFE497476D2,2026-07-22T17:50:00+07:00,Codex deterministic evidence reconciliation; Product Owner G4B sign-off pending,proof_id=docs/qa/ui-v031/cta_matrix.csv#CTA-P1-07-FIND-VET;cta_test_status=PASS
UI031-TRACE-CTA-P1-07-VET-DETAIL,PASS,CTA_ROW_EXECUTION_MANIFEST,mobile/test/app/router/app_router_contract_test.dart#production router exposes the canonical route inventory,N/A,N/A,442:198,N/A,output-evidence/ui-v031/UI-CC-2026-07-21-G4B/W8/cta-row-proof-20260723/rows/CTA-P1-07-VET-DETAIL.json,EBF393D049A167133BE399098680F8339DCE1AB500DD6FE5F3B702080FE842A9,2026-07-22T17:50:00+07:00,Codex deterministic evidence reconciliation; Product Owner G4B sign-off pending,proof_id=docs/qa/ui-v031/cta_matrix.csv#CTA-P1-07-VET-DETAIL;cta_test_status=PASS
UI031-TRACE-CTA-P1-07-ADOPTION,PASS,CTA_ROW_EXECUTION_MANIFEST,mobile/test/app/router/app_router_contract_test.dart#production router exposes the canonical route inventory,N/A,N/A,442:198,N/A,output-evidence/ui-v031/UI-CC-2026-07-21-G4B/W8/cta-row-proof-20260723/rows/CTA-P1-07-ADOPTION.json,CD2142D69072B29AB74991484ED7951381A2ADCAC4D33EF8D02ED4112362E0B5,2026-07-22T17:50:00+07:00,Codex deterministic evidence reconciliation; Product Owner G4B sign-off pending,proof_id=docs/qa/ui-v031/cta_matrix.csv#CTA-P1-07-ADOPTION;cta_test_status=PASS
UI031-TRACE-CTA-P1-08-NOTIFICATIONS,PASS,CTA_ROW_EXECUTION_MANIFEST,mobile/test/app/router/app_router_contract_test.dart#production router exposes the canonical route inventory,N/A,N/A,442:275,N/A,output-evidence/ui-v031/UI-CC-2026-07-21-G4B/W8/cta-row-proof-20260723/rows/CTA-P1-08-NOTIFICATIONS.json,BD08FF2416CDBB09D3E4A053A3786DBFD9B13C980847857BD87686D626669A54,2026-07-22T17:50:00+07:00,Codex deterministic evidence reconciliation; Product Owner G4B sign-off pending,proof_id=docs/qa/ui-v031/cta_matrix.csv#CTA-P1-08-NOTIFICATIONS;cta_test_status=PASS
UI031-TRACE-CTA-P1-08-SEARCH,PASS,CTA_ROW_EXECUTION_MANIFEST,mobile/test/app/router/app_router_contract_test.dart#production router exposes the canonical route inventory,N/A,N/A,442:275,N/A,output-evidence/ui-v031/UI-CC-2026-07-21-G4B/W8/cta-row-proof-20260723/rows/CTA-P1-08-SEARCH.json,28B939B2D413B2A3D77687F812A4131BDD226CE82107643AF6ABAC3FC089B74B,2026-07-22T17:50:00+07:00,Codex deterministic evidence reconciliation; Product Owner G4B sign-off pending,proof_id=docs/qa/ui-v031/cta_matrix.csv#CTA-P1-08-SEARCH;cta_test_status=PASS
UI031-TRACE-CTA-P1-08-FILTER,PASS,CTA_ROW_EXECUTION_MANIFEST,mobile/test/app/router/app_router_contract_test.dart#production router exposes the canonical route inventory,N/A,N/A,442:275,N/A,output-evidence/ui-v031/UI-CC-2026-07-21-G4B/W8/cta-row-proof-20260723/rows/CTA-P1-08-FILTER.json,B98F406EAA23A9294EE0680174256EB8249543D5432A79BF6B82A4DE4DC9F757,2026-07-22T17:50:00+07:00,Codex deterministic evidence reconciliation; Product Owner G4B sign-off pending,proof_id=docs/qa/ui-v031/cta_matrix.csv#CTA-P1-08-FILTER;cta_test_status=PASS
UI031-TRACE-CTA-P1-08-VIEW-ALL,PASS,CTA_ROW_EXECUTION_MANIFEST,mobile/test/app/router/app_router_contract_test.dart#production router exposes the canonical route inventory,N/A,N/A,442:275,N/A,output-evidence/ui-v031/UI-CC-2026-07-21-G4B/W8/cta-row-proof-20260723/rows/CTA-P1-08-VIEW-ALL.json,64CEE61F880421F0E2CD2BBFEC87EA047EF4235BACE16299D8258A89E930ABD1,2026-07-22T17:50:00+07:00,Codex deterministic evidence reconciliation; Product Owner G4B sign-off pending,proof_id=docs/qa/ui-v031/cta_matrix.csv#CTA-P1-08-VIEW-ALL;cta_test_status=PASS
UI031-TRACE-CTA-P1-08-VET-DETAIL,PASS,CTA_ROW_EXECUTION_MANIFEST,mobile/test/app/router/app_router_contract_test.dart#production router exposes the canonical route inventory,N/A,N/A,442:275,N/A,output-evidence/ui-v031/UI-CC-2026-07-21-G4B/W8/cta-row-proof-20260723/rows/CTA-P1-08-VET-DETAIL.json,F8B5B6FF2517E0596C142A0A0E8A1CE54224682657F558A870806DBB1C3E0503,2026-07-22T17:50:00+07:00,Codex deterministic evidence reconciliation; Product Owner G4B sign-off pending,proof_id=docs/qa/ui-v031/cta_matrix.csv#CTA-P1-08-VET-DETAIL;cta_test_status=PASS
UI031-TRACE-CTA-P1-08-ENABLE-LOCATION,PASS,CTA_ROW_EXECUTION_MANIFEST,mobile/test/features/vets/vet_map_screen_test.dart#shows permission denied state on map screen,N/A,N/A,442:275,N/A,output-evidence/ui-v031/UI-CC-2026-07-21-G4B/W8/cta-row-proof-20260723/rows/CTA-P1-08-ENABLE-LOCATION.json,C70732BF72165106BF43F7B89495EB219E43DD5CFECB580D9E3187898E7081BD,2026-07-22T17:50:00+07:00,Codex deterministic evidence reconciliation; Product Owner G4B sign-off pending,proof_id=docs/qa/ui-v031/cta_matrix.csv#CTA-P1-08-ENABLE-LOCATION;cta_test_status=PASS
UI031-TRACE-CTA-P1-08-PREVIEW-CALL,PASS,CTA_ROW_EXECUTION_MANIFEST,mobile/test/features/vets/vet_map_screen_test.dart#preview sheet action callbacks are individually tappable,N/A,N/A,442:275,N/A,output-evidence/ui-v031/UI-CC-2026-07-21-G4B/W8/cta-row-proof-20260723/rows/CTA-P1-08-PREVIEW-CALL.json,36D3205B0DCD2FFC703FA89D80B287B5461AEAF510FCA00C00A4579E824DC295,2026-07-22T17:50:00+07:00,Codex deterministic evidence reconciliation; Product Owner G4B sign-off pending,proof_id=docs/qa/ui-v031/cta_matrix.csv#CTA-P1-08-PREVIEW-CALL;cta_test_status=PASS
UI031-TRACE-CTA-P1-08-PREVIEW-DIRECTIONS,PASS,CTA_ROW_EXECUTION_MANIFEST,mobile/test/features/vets/vet_map_screen_test.dart#preview sheet action callbacks are individually tappable,N/A,N/A,442:275,N/A,output-evidence/ui-v031/UI-CC-2026-07-21-G4B/W8/cta-row-proof-20260723/rows/CTA-P1-08-PREVIEW-DIRECTIONS.json,C50CD1FD55A0A7465554A44C72A7DAB09C1F13DD396E34DA2CA717B1E5F24582,2026-07-22T17:50:00+07:00,Codex deterministic evidence reconciliation; Product Owner G4B sign-off pending,proof_id=docs/qa/ui-v031/cta_matrix.csv#CTA-P1-08-PREVIEW-DIRECTIONS;cta_test_status=PASS
UI031-TRACE-CTA-P1-09-BACK,PASS,CTA_ROW_EXECUTION_MANIFEST,mobile/test/features/vets/vet_screens_test.dart#renders v0.27 vet list shell on mobile viewport without overflow,N/A,N/A,442:357,N/A,output-evidence/ui-v031/UI-CC-2026-07-21-G4B/W8/cta-row-proof-20260723/rows/CTA-P1-09-BACK.json,3209E3207ADDC4A74A809E0F89F458C1404BC259CADE7F1979E4CCDEC983A607,2026-07-22T17:50:00+07:00,Codex deterministic evidence reconciliation; Product Owner G4B sign-off pending,proof_id=docs/qa/ui-v031/cta_matrix.csv#CTA-P1-09-BACK;cta_test_status=PASS
UI031-TRACE-CTA-P1-09-MAP,PASS,CTA_ROW_EXECUTION_MANIFEST,mobile/test/features/vets/vet_screens_test.dart#renders v0.27 vet list shell on mobile viewport without overflow,N/A,N/A,442:357,N/A,output-evidence/ui-v031/UI-CC-2026-07-21-G4B/W8/cta-row-proof-20260723/rows/CTA-P1-09-MAP.json,CDCB3EA5964DC32DB5B6F5E567D226A2F967CE001755E65DA9EA3A5C67355654,2026-07-22T17:50:00+07:00,Codex deterministic evidence reconciliation; Product Owner G4B sign-off pending,proof_id=docs/qa/ui-v031/cta_matrix.csv#CTA-P1-09-MAP;cta_test_status=PASS
UI031-TRACE-CTA-P1-09-VET-DETAIL,PASS,CTA_ROW_EXECUTION_MANIFEST,mobile/test/app/router/app_router_contract_test.dart#production router exposes the canonical route inventory,N/A,N/A,442:357,N/A,output-evidence/ui-v031/UI-CC-2026-07-21-G4B/W8/cta-row-proof-20260723/rows/CTA-P1-09-VET-DETAIL.json,0AFC0A299D37FA8CB8506D4F6567DC803D845524B8C5BC421E2C16BEA62D5263,2026-07-22T17:50:00+07:00,Codex deterministic evidence reconciliation; Product Owner G4B sign-off pending,proof_id=docs/qa/ui-v031/cta_matrix.csv#CTA-P1-09-VET-DETAIL;cta_test_status=PASS
UI031-TRACE-CTA-P1-10-BACK,PASS,CTA_ROW_EXECUTION_MANIFEST,mobile/test/features/vets/vet_detail_navigation_test.dart#Vet Detail back returns to the source Map route,N/A,N/A,442:430,N/A,output-evidence/ui-v031/UI-CC-2026-07-21-G4B/W8/cta-row-proof-20260723/rows/CTA-P1-10-BACK.json,9EAD82C4C088F056A20ACD696C407CAFE5F37E86ECCB7149C808C72423A3EB1C,2026-07-22T17:50:00+07:00,Codex deterministic evidence reconciliation; Product Owner G4B sign-off pending,proof_id=docs/qa/ui-v031/cta_matrix.csv#CTA-P1-10-BACK;cta_test_status=PASS
UI031-TRACE-CTA-P1-10-SHARE,PASS,CTA_ROW_EXECUTION_MANIFEST,mobile/test/features/vets/vet_detail_navigation_test.dart#Vet Detail share action copies real clinic details,N/A,N/A,442:430,N/A,output-evidence/ui-v031/UI-CC-2026-07-21-G4B/W8/cta-row-proof-20260723/rows/CTA-P1-10-SHARE.json,B5540F8FD2EB181FBEBD2CA511D0B5F879FB1A901666507F2D41BC43437EA4DE,2026-07-22T17:50:00+07:00,Codex deterministic evidence reconciliation; Product Owner G4B sign-off pending,proof_id=docs/qa/ui-v031/cta_matrix.csv#CTA-P1-10-SHARE;cta_test_status=PASS
UI031-TRACE-CTA-P1-10-CALL,PASS,CTA_ROW_EXECUTION_MANIFEST,mobile/test/features/vets/vet_map_screen_test.dart#preview sheet action callbacks are individually tappable,N/A,N/A,442:430,N/A,output-evidence/ui-v031/UI-CC-2026-07-21-G4B/W8/cta-row-proof-20260723/rows/CTA-P1-10-CALL.json,52CFF7B498A589A1240E3E1B7A6CA0B63F140C7B2223DB65396686D995CD477E,2026-07-22T17:50:00+07:00,Codex deterministic evidence reconciliation; Product Owner G4B sign-off pending,proof_id=docs/qa/ui-v031/cta_matrix.csv#CTA-P1-10-CALL;cta_test_status=PASS
UI031-TRACE-CTA-P1-10-DIRECTIONS,PASS,CTA_ROW_EXECUTION_MANIFEST,mobile/test/features/vets/vet_map_screen_test.dart#preview sheet action callbacks are individually tappable,N/A,N/A,442:430,N/A,output-evidence/ui-v031/UI-CC-2026-07-21-G4B/W8/cta-row-proof-20260723/rows/CTA-P1-10-DIRECTIONS.json,E67F607239139A8D8CB29B77D06180B1492EE26A440DA96E5D0CFAE4E72CF6CA,2026-07-22T17:50:00+07:00,Codex deterministic evidence reconciliation; Product Owner G4B sign-off pending,proof_id=docs/qa/ui-v031/cta_matrix.csv#CTA-P1-10-DIRECTIONS;cta_test_status=PASS
UI031-TRACE-CTA-P1-10-REVIEW,PASS,CTA_ROW_EXECUTION_MANIFEST,mobile/test/features/vets/vet_screens_test.dart#submits write review with auth token after rating validation,N/A,N/A,442:430,N/A,output-evidence/ui-v031/UI-CC-2026-07-21-G4B/W8/cta-row-proof-20260723/rows/CTA-P1-10-REVIEW.json,AA987D45317ECE8EA1D6ADC9C19B86F4CE43DC1EFFA4B410CE028A701AD42674,2026-07-22T17:50:00+07:00,Codex deterministic evidence reconciliation; Product Owner G4B sign-off pending,proof_id=docs/qa/ui-v031/cta_matrix.csv#CTA-P1-10-REVIEW;cta_test_status=PASS
UI031-TRACE-CTA-P1-11-SUBMIT,PASS,CTA_ROW_EXECUTION_MANIFEST,mobile/test/features/vets/vet_screens_test.dart#submits write review with auth token after rating validation,N/A,N/A,442:473,N/A,output-evidence/ui-v031/UI-CC-2026-07-21-G4B/W8/cta-row-proof-20260723/rows/CTA-P1-11-SUBMIT.json,06410063622B03C2EF088A13540E5CA2BED63930775550C4123F8FD57C6CDCEF,2026-07-22T17:50:00+07:00,Codex deterministic evidence reconciliation; Product Owner G4B sign-off pending,proof_id=docs/qa/ui-v031/cta_matrix.csv#CTA-P1-11-SUBMIT;cta_test_status=PASS
UI031-TRACE-CTA-P1-11-CLOSE,PASS,CTA_ROW_EXECUTION_MANIFEST,mobile/test/features/vets/vet_screens_test.dart#write review sheet remains usable with keyboard open,N/A,N/A,442:473,N/A,output-evidence/ui-v031/UI-CC-2026-07-21-G4B/W8/cta-row-proof-20260723/rows/CTA-P1-11-CLOSE.json,6C4C2EF91E5D3858E7D04A5B95F6E8D708395B8DCAEBC1BEB2D81FA493A18C6C,2026-07-22T17:50:00+07:00,Codex deterministic evidence reconciliation; Product Owner G4B sign-off pending,proof_id=docs/qa/ui-v031/cta_matrix.csv#CTA-P1-11-CLOSE;cta_test_status=PASS
UI031-TRACE-CTA-P1-12-ADD-EVENT,PASS,CTA_ROW_EXECUTION_MANIFEST,mobile/test/app/router/app_router_contract_test.dart#production router exposes the canonical route inventory,N/A,N/A,442:516,N/A,output-evidence/ui-v031/UI-CC-2026-07-21-G4B/W8/cta-row-proof-20260723/rows/CTA-P1-12-ADD-EVENT.json,562936F288E050B02BBEFFA52A16324CBA2E6349FC295788CBFE7D2545EF7C90,2026-07-22T17:50:00+07:00,Codex deterministic evidence reconciliation; Product Owner G4B sign-off pending,proof_id=docs/qa/ui-v031/cta_matrix.csv#CTA-P1-12-ADD-EVENT;cta_test_status=PASS
UI031-TRACE-CTA-P1-12-REMINDERS,PASS,CTA_ROW_EXECUTION_MANIFEST,mobile/test/app/router/app_router_contract_test.dart#production router exposes the canonical route inventory,N/A,N/A,442:516,N/A,output-evidence/ui-v031/UI-CC-2026-07-21-G4B/W8/cta-row-proof-20260723/rows/CTA-P1-12-REMINDERS.json,C7E4B71F41367749C8BDB3E18DAAC0F89352AEA1276E926A18E8C588C9979967,2026-07-22T17:50:00+07:00,Codex deterministic evidence reconciliation; Product Owner G4B sign-off pending,proof_id=docs/qa/ui-v031/cta_matrix.csv#CTA-P1-12-REMINDERS;cta_test_status=PASS
UI031-TRACE-CTA-P1-12-NOTIFICATIONS,PASS,CTA_ROW_EXECUTION_MANIFEST,mobile/test/app/router/app_router_contract_test.dart#production router exposes the canonical route inventory,N/A,N/A,442:516,N/A,output-evidence/ui-v031/UI-CC-2026-07-21-G4B/W8/cta-row-proof-20260723/rows/CTA-P1-12-NOTIFICATIONS.json,7916A9AA55F286300DED128C1E4216F9A3119C6E40BEBA6B68F46EEEB794A7BD,2026-07-22T17:50:00+07:00,Codex deterministic evidence reconciliation; Product Owner G4B sign-off pending,proof_id=docs/qa/ui-v031/cta_matrix.csv#CTA-P1-12-NOTIFICATIONS;cta_test_status=PASS
UI031-TRACE-CTA-P1-12-SETTINGS,PASS,CTA_ROW_EXECUTION_MANIFEST,mobile/test/features/health/health_timeline_screen_test.dart#renders v0.27 health timeline shell without mobile overflow,N/A,N/A,442:516,N/A,output-evidence/ui-v031/UI-CC-2026-07-21-G4B/W8/cta-row-proof-20260723/rows/CTA-P1-12-SETTINGS.json,BB61442074E02E954E3CBF0A8662D58E5B978B4521DF1102D22BDCDD31740C89,2026-07-22T17:50:00+07:00,Codex deterministic evidence reconciliation; Product Owner G4B sign-off pending,proof_id=docs/qa/ui-v031/cta_matrix.csv#CTA-P1-12-SETTINGS;cta_test_status=PASS
UI031-TRACE-CTA-P1-13-SAVE,PASS,CTA_ROW_EXECUTION_MANIFEST,mobile/test/features/health/health_timeline_screen_test.dart#health timeline opens P1-13 and creates a backend-backed event,N/A,N/A,442:589,N/A,output-evidence/ui-v031/UI-CC-2026-07-21-G4B/W8/cta-row-proof-20260723/rows/CTA-P1-13-SAVE.json,C8DF3CDC33451C770699264B7F911604DB86822AEAEDF91F66661D08CFED929B,2026-07-22T17:50:00+07:00,Codex deterministic evidence reconciliation; Product Owner G4B sign-off pending,proof_id=docs/qa/ui-v031/cta_matrix.csv#CTA-P1-13-SAVE;cta_test_status=PASS
UI031-TRACE-CTA-P1-13-ADD-PET,PASS,CTA_ROW_EXECUTION_MANIFEST,mobile/test/app/router/app_router_contract_test.dart#production router exposes the canonical route inventory,N/A,N/A,442:589,N/A,output-evidence/ui-v031/UI-CC-2026-07-21-G4B/W8/cta-row-proof-20260723/rows/CTA-P1-13-ADD-PET.json,DBA5FB69535D202942BCD39C1109D134C373E093FB256A1C5D857DE7F59D6D14,2026-07-22T17:50:00+07:00,Codex deterministic evidence reconciliation; Product Owner G4B sign-off pending,proof_id=docs/qa/ui-v031/cta_matrix.csv#CTA-P1-13-ADD-PET;cta_test_status=PASS
UI031-TRACE-CTA-P1-13-BACK,PASS,CTA_ROW_EXECUTION_MANIFEST,mobile/test/features/health/health_timeline_screen_test.dart#health timeline opens P1-13 and creates a backend-backed event,N/A,N/A,442:589,N/A,output-evidence/ui-v031/UI-CC-2026-07-21-G4B/W8/cta-row-proof-20260723/rows/CTA-P1-13-BACK.json,343C61967BBBEA1A5C238514B3D335FA88D5E6C5675ACB6D7612406C8CFA7762,2026-07-22T17:50:00+07:00,Codex deterministic evidence reconciliation; Product Owner G4B sign-off pending,proof_id=docs/qa/ui-v031/cta_matrix.csv#CTA-P1-13-BACK;cta_test_status=PASS
UI031-TRACE-CTA-P1-14-ADD-REMINDER,PASS,CTA_ROW_EXECUTION_MANIFEST,mobile/test/features/reminders/reminder_calendar_screen_test.dart#reminder create sheet stays usable with keyboard open,N/A,N/A,442:639,N/A,output-evidence/ui-v031/UI-CC-2026-07-21-G4B/W8/cta-row-proof-20260723/rows/CTA-P1-14-ADD-REMINDER.json,A71CC01F3B0E3AD0E3CD6CF64E43E857A6B1CDD04D40079A0DBE72D3147E3E22,2026-07-22T17:50:00+07:00,Codex deterministic evidence reconciliation; Product Owner G4B sign-off pending,proof_id=docs/qa/ui-v031/cta_matrix.csv#CTA-P1-14-ADD-REMINDER;cta_test_status=PASS
UI031-TRACE-CTA-P1-14-BACK,PASS,CTA_ROW_EXECUTION_MANIFEST,mobile/test/features/reminders/reminder_calendar_screen_test.dart#renders v0.27 reminder calendar shell without mobile overflow,N/A,N/A,442:639,N/A,output-evidence/ui-v031/UI-CC-2026-07-21-G4B/W8/cta-row-proof-20260723/rows/CTA-P1-14-BACK.json,875588E589C332CFE801A24727C34A7A403FADE360BB006AD35A059F3EF1B4C7,2026-07-22T17:50:00+07:00,Codex deterministic evidence reconciliation; Product Owner G4B sign-off pending,proof_id=docs/qa/ui-v031/cta_matrix.csv#CTA-P1-14-BACK;cta_test_status=PASS
UI031-TRACE-CTA-P1-14-NOTIFICATIONS,PASS,CTA_ROW_EXECUTION_MANIFEST,mobile/test/app/router/app_router_contract_test.dart#production router exposes the canonical route inventory,N/A,N/A,442:639,N/A,output-evidence/ui-v031/UI-CC-2026-07-21-G4B/W8/cta-row-proof-20260723/rows/CTA-P1-14-NOTIFICATIONS.json,590BB20C7BA8D761CDB216D36E00FF3A52F249270708AAF0B74526E6D3EF42D2,2026-07-22T17:50:00+07:00,Codex deterministic evidence reconciliation; Product Owner G4B sign-off pending,proof_id=docs/qa/ui-v031/cta_matrix.csv#CTA-P1-14-NOTIFICATIONS;cta_test_status=PASS
UI031-TRACE-CTA-P1-14-FILTER,PASS,CTA_ROW_EXECUTION_MANIFEST,mobile/test/features/reminders/reminder_calendar_screen_test.dart#Day 28 filters overdue reminders and syncs snooze/done,N/A,N/A,442:639,N/A,output-evidence/ui-v031/UI-CC-2026-07-21-G4B/W8/cta-row-proof-20260723/rows/CTA-P1-14-FILTER.json,5715EB5D116BB69B6DA58B6451CC0587BBC2018A42B4A8FE7FA1F6F0695D60A3,2026-07-22T17:50:00+07:00,Codex deterministic evidence reconciliation; Product Owner G4B sign-off pending,proof_id=docs/qa/ui-v031/cta_matrix.csv#CTA-P1-14-FILTER;cta_test_status=PASS
UI031-TRACE-CTA-P1-14-PREVIOUS-MONTH,PASS,CTA_ROW_EXECUTION_MANIFEST,mobile/test/features/reminders/reminder_calendar_screen_test.dart#renders v0.27 reminder calendar shell without mobile overflow,N/A,N/A,442:639,N/A,output-evidence/ui-v031/UI-CC-2026-07-21-G4B/W8/cta-row-proof-20260723/rows/CTA-P1-14-PREVIOUS-MONTH.json,4849D5BDD439A966093B849431C3551585D623EF6E1FDC86F6B085426E23E304,2026-07-22T17:50:00+07:00,Codex deterministic evidence reconciliation; Product Owner G4B sign-off pending,proof_id=docs/qa/ui-v031/cta_matrix.csv#CTA-P1-14-PREVIOUS-MONTH;cta_test_status=PASS
UI031-TRACE-CTA-P1-14-NEXT-MONTH,PASS,CTA_ROW_EXECUTION_MANIFEST,mobile/test/features/reminders/reminder_calendar_screen_test.dart#renders v0.27 reminder calendar shell without mobile overflow,N/A,N/A,442:639,N/A,output-evidence/ui-v031/UI-CC-2026-07-21-G4B/W8/cta-row-proof-20260723/rows/CTA-P1-14-NEXT-MONTH.json,170C2B1A61EDEA4CB9822BD76D207B41E0F341AD92635F246F18FBC9812DA31F,2026-07-22T17:50:00+07:00,Codex deterministic evidence reconciliation; Product Owner G4B sign-off pending,proof_id=docs/qa/ui-v031/cta_matrix.csv#CTA-P1-14-NEXT-MONTH;cta_test_status=PASS
UI031-TRACE-CTA-P1-14-SAVE-REMINDER,PASS,CTA_ROW_EXECUTION_MANIFEST,mobile/test/features/reminders/reminder_calendar_screen_test.dart#reminder create sheet stays usable with keyboard open,N/A,N/A,442:639,N/A,output-evidence/ui-v031/UI-CC-2026-07-21-G4B/W8/cta-row-proof-20260723/rows/CTA-P1-14-SAVE-REMINDER.json,5086382C79E445E6C741036F6E3C24F78791C67312A3AF7DDA02DE2A82B55724,2026-07-22T17:50:00+07:00,Codex deterministic evidence reconciliation; Product Owner G4B sign-off pending,proof_id=docs/qa/ui-v031/cta_matrix.csv#CTA-P1-14-SAVE-REMINDER;cta_test_status=PASS
UI031-TRACE-CTA-P1-15-BACK,PASS,CTA_ROW_EXECUTION_MANIFEST,mobile/test/features/notifications/notification_center_screen_test.dart#P1-15 notification center renders v0.27 shell and groups items,N/A,N/A,442:732,N/A,output-evidence/ui-v031/UI-CC-2026-07-21-G4B/W8/cta-row-proof-20260723/rows/CTA-P1-15-BACK.json,683C10D725734640878DD0188A1DA5D4345D9F5DFF244CC17279A9490D48F1CB,2026-07-22T17:50:00+07:00,Codex deterministic evidence reconciliation; Product Owner G4B sign-off pending,proof_id=docs/qa/ui-v031/cta_matrix.csv#CTA-P1-15-BACK;cta_test_status=PASS
UI031-TRACE-CTA-P1-15-SETTINGS,PASS,CTA_ROW_EXECUTION_MANIFEST,mobile/test/app/router/app_router_contract_test.dart#production router exposes the canonical route inventory,N/A,N/A,442:732,N/A,output-evidence/ui-v031/UI-CC-2026-07-21-G4B/W8/cta-row-proof-20260723/rows/CTA-P1-15-SETTINGS.json,2747DF42714315250D7E0FAC90445BD64C0CD531247784BA3C97F87B99311CE1,2026-07-22T17:50:00+07:00,Codex deterministic evidence reconciliation; Product Owner G4B sign-off pending,proof_id=docs/qa/ui-v031/cta_matrix.csv#CTA-P1-15-SETTINGS;cta_test_status=PASS
UI031-TRACE-CTA-P1-15-ITEM,PASS,CTA_ROW_EXECUTION_MANIFEST,"mobile/test/features/notifications/notification_center_screen_test.dart#P1-15 taps notification, marks read, and routes to target",N/A,N/A,442:732,N/A,output-evidence/ui-v031/UI-CC-2026-07-21-G4B/W8/cta-row-proof-20260723/rows/CTA-P1-15-ITEM.json,E74EDCDF9C298B7D8F9BA1E48DEC68E7FD2BD2F61DECC8D6C64B0608D95716FD,2026-07-22T17:50:00+07:00,Codex deterministic evidence reconciliation; Product Owner G4B sign-off pending,proof_id=docs/qa/ui-v031/cta_matrix.csv#CTA-P1-15-ITEM;cta_test_status=PASS
UI031-TRACE-CTA-P1-15-MARK-ALL,PASS,CTA_ROW_EXECUTION_MANIFEST,mobile/test/features/notifications/notification_center_screen_test.dart#Day 28 marks all previous notifications read and clears badge,N/A,N/A,442:732,N/A,output-evidence/ui-v031/UI-CC-2026-07-21-G4B/W8/cta-row-proof-20260723/rows/CTA-P1-15-MARK-ALL.json,BF5BE94591DF6CD1FFFDE1DD4E15D700B4F8CB8A47AC8280642E165A59948D23,2026-07-22T17:50:00+07:00,Codex deterministic evidence reconciliation; Product Owner G4B sign-off pending,proof_id=docs/qa/ui-v031/cta_matrix.csv#CTA-P1-15-MARK-ALL;cta_test_status=PASS
UI031-TRACE-CTA-P1-15-EMPTY-PROFILE,PASS,CTA_ROW_EXECUTION_MANIFEST,mobile/test/app/router/app_router_contract_test.dart#production router exposes the canonical route inventory,N/A,N/A,442:732,N/A,output-evidence/ui-v031/UI-CC-2026-07-21-G4B/W8/cta-row-proof-20260723/rows/CTA-P1-15-EMPTY-PROFILE.json,C34109C44FA90E88B4BFB8184AE87A3EA77E22026EF080021AEF4ABA6B707954,2026-07-22T17:50:00+07:00,Codex deterministic evidence reconciliation; Product Owner G4B sign-off pending,proof_id=docs/qa/ui-v031/cta_matrix.csv#CTA-P1-15-EMPTY-PROFILE;cta_test_status=PASS
UI031-TRACE-CTA-P1-15-EMPTY-MANAGE,PASS,CTA_ROW_EXECUTION_MANIFEST,mobile/test/app/router/app_router_contract_test.dart#production router exposes the canonical route inventory,N/A,N/A,442:732,N/A,output-evidence/ui-v031/UI-CC-2026-07-21-G4B/W8/cta-row-proof-20260723/rows/CTA-P1-15-EMPTY-MANAGE.json,BFF15C9A36A718E889D98A4C2423C899B689BA73B69059D3275E9E898BD826A9,2026-07-22T17:50:00+07:00,Codex deterministic evidence reconciliation; Product Owner G4B sign-off pending,proof_id=docs/qa/ui-v031/cta_matrix.csv#CTA-P1-15-EMPTY-MANAGE;cta_test_status=PASS
UI031-TRACE-CTA-P1-16-SETTINGS,PASS,CTA_ROW_EXECUTION_MANIFEST,mobile/test/app/router/app_router_contract_test.dart#production router exposes the canonical route inventory,N/A,N/A,442:792,N/A,output-evidence/ui-v031/UI-CC-2026-07-21-G4B/W8/cta-row-proof-20260723/rows/CTA-P1-16-SETTINGS.json,E27C1AA0D666699B3CB4B6619922ECD1AC45D2277C627978D25D7FC0A0F4D390,2026-07-22T17:50:00+07:00,Codex deterministic evidence reconciliation; Product Owner G4B sign-off pending,proof_id=docs/qa/ui-v031/cta_matrix.csv#CTA-P1-16-SETTINGS;cta_test_status=PASS
UI031-TRACE-CTA-P1-16-NOTIFICATIONS,PASS,CTA_ROW_EXECUTION_MANIFEST,mobile/test/app/router/app_router_contract_test.dart#production router exposes the canonical route inventory,N/A,N/A,442:792,N/A,output-evidence/ui-v031/UI-CC-2026-07-21-G4B/W8/cta-row-proof-20260723/rows/CTA-P1-16-NOTIFICATIONS.json,66D8D798331D9B343E39F993B7CF348B8FE176AB8DE2E1DAE35F37858FE0DB47,2026-07-22T17:50:00+07:00,Codex deterministic evidence reconciliation; Product Owner G4B sign-off pending,proof_id=docs/qa/ui-v031/cta_matrix.csv#CTA-P1-16-NOTIFICATIONS;cta_test_status=PASS
UI031-TRACE-CTA-P1-16-EDIT,PASS,CTA_ROW_EXECUTION_MANIFEST,mobile/test/app/router/app_router_contract_test.dart#production router exposes the canonical route inventory,N/A,N/A,442:792,N/A,output-evidence/ui-v031/UI-CC-2026-07-21-G4B/W8/cta-row-proof-20260723/rows/CTA-P1-16-EDIT.json,4A91FA150C50B66EEED242C47C7226971037DC6E32AD55D435E9BA89B592B0EF,2026-07-22T17:50:00+07:00,Codex deterministic evidence reconciliation; Product Owner G4B sign-off pending,proof_id=docs/qa/ui-v031/cta_matrix.csv#CTA-P1-16-EDIT;cta_test_status=PASS
UI031-TRACE-CTA-P1-16-PET-DETAIL,PASS,CTA_ROW_EXECUTION_MANIFEST,mobile/test/app/router/app_router_contract_test.dart#production router exposes the canonical route inventory,N/A,N/A,442:792,N/A,output-evidence/ui-v031/UI-CC-2026-07-21-G4B/W8/cta-row-proof-20260723/rows/CTA-P1-16-PET-DETAIL.json,558B762645A45271904DB58009D18C10E27E76A1EAA21B119A9C1C204C222C6D,2026-07-22T17:50:00+07:00,Codex deterministic evidence reconciliation; Product Owner G4B sign-off pending,proof_id=docs/qa/ui-v031/cta_matrix.csv#CTA-P1-16-PET-DETAIL;cta_test_status=PASS
UI031-TRACE-CTA-P1-16-PRIVACY,PASS,CTA_ROW_EXECUTION_MANIFEST,mobile/test/app/router/app_router_contract_test.dart#production router exposes the canonical route inventory,N/A,N/A,442:792,N/A,output-evidence/ui-v031/UI-CC-2026-07-21-G4B/W8/cta-row-proof-20260723/rows/CTA-P1-16-PRIVACY.json,9D5F7FBCD7CBF9D08487872369C81E9B6D82BA98E4B54059AF4F012FFAC1FD8C,2026-07-22T17:50:00+07:00,Codex deterministic evidence reconciliation; Product Owner G4B sign-off pending,proof_id=docs/qa/ui-v031/cta_matrix.csv#CTA-P1-16-PRIVACY;cta_test_status=PASS
UI031-TRACE-CTA-P1-16-REMINDERS,PASS,CTA_ROW_EXECUTION_MANIFEST,mobile/test/app/router/app_router_contract_test.dart#production router exposes the canonical route inventory,N/A,N/A,442:792,N/A,output-evidence/ui-v031/UI-CC-2026-07-21-G4B/W8/cta-row-proof-20260723/rows/CTA-P1-16-REMINDERS.json,D3D821D9FF80241E254EA88D5BABCAEDB4BFCCFC20F66F4829017FB26BB8FD19,2026-07-22T17:50:00+07:00,Codex deterministic evidence reconciliation; Product Owner G4B sign-off pending,proof_id=docs/qa/ui-v031/cta_matrix.csv#CTA-P1-16-REMINDERS;cta_test_status=PASS
UI031-TRACE-CTA-P1-16-VETS,PASS,CTA_ROW_EXECUTION_MANIFEST,mobile/test/app/router/app_router_contract_test.dart#production router exposes the canonical route inventory,N/A,N/A,442:792,N/A,output-evidence/ui-v031/UI-CC-2026-07-21-G4B/W8/cta-row-proof-20260723/rows/CTA-P1-16-VETS.json,8459905CB3EA5588B3BFB3102F4C566D0E85D3F620B68B2439AD4630B3BB8BDB,2026-07-22T17:50:00+07:00,Codex deterministic evidence reconciliation; Product Owner G4B sign-off pending,proof_id=docs/qa/ui-v031/cta_matrix.csv#CTA-P1-16-VETS;cta_test_status=PASS
UI031-TRACE-CTA-P1-16-LOGOUT,PASS,CTA_ROW_EXECUTION_MANIFEST,mobile/test/app/router/auth_route_guard_test.dart#logout clears session and blocks protected navigation,N/A,N/A,442:792,N/A,output-evidence/ui-v031/UI-CC-2026-07-21-G4B/W8/cta-row-proof-20260723/rows/CTA-P1-16-LOGOUT.json,D24CD3CD7B83D3B3E94C3E85AC265A7B4E0E3D05E16D3D1A7820B418B3D65281,2026-07-22T17:50:00+07:00,Codex deterministic evidence reconciliation; Product Owner G4B sign-off pending,proof_id=docs/qa/ui-v031/cta_matrix.csv#CTA-P1-16-LOGOUT;cta_test_status=PASS
UI031-TRACE-CTA-P2-01-NOTIFICATIONS,PASS,CTA_ROW_EXECUTION_MANIFEST,mobile/test/app/router/app_router_contract_test.dart#production router exposes the canonical route inventory,N/A,N/A,442:855,N/A,output-evidence/ui-v031/UI-CC-2026-07-21-G4B/W8/cta-row-proof-20260723/rows/CTA-P2-01-NOTIFICATIONS.json,BAA6026FAD599955D229C27F61D48D1DDE34010601B890856538AD088F51D021,2026-07-22T17:50:00+07:00,Codex deterministic evidence reconciliation; Product Owner G4B sign-off pending,proof_id=docs/qa/ui-v031/cta_matrix.csv#CTA-P2-01-NOTIFICATIONS;cta_test_status=PASS
UI031-TRACE-CTA-P2-01-BROWSE-MAP,PASS,CTA_ROW_EXECUTION_MANIFEST,mobile/test/features/rescue/rescue_home_screen_test.dart#rescue home fails closed without fabricated cases,N/A,N/A,442:855,N/A,output-evidence/ui-v031/UI-CC-2026-07-21-G4B/W8/cta-row-proof-20260723/rows/CTA-P2-01-BROWSE-MAP.json,1831F2D281BD1E77E31AE9F0CC92D5519A0B61A26B63139CAC9251C140C6C858,2026-07-22T17:50:00+07:00,Codex deterministic evidence reconciliation; Product Owner G4B sign-off pending,proof_id=docs/qa/ui-v031/cta_matrix.csv#CTA-P2-01-BROWSE-MAP;cta_test_status=PASS
UI031-TRACE-CTA-P2-01-OPEN-CASE,PASS,CTA_ROW_EXECUTION_MANIFEST,mobile/test/features/rescue/rescue_home_screen_test.dart#rescue home fails closed without fabricated cases,N/A,N/A,442:855,N/A,output-evidence/ui-v031/UI-CC-2026-07-21-G4B/W8/cta-row-proof-20260723/rows/CTA-P2-01-OPEN-CASE.json,E53D0F6FFEA24DB861EC9531809FB6B1538D625FF0973370C3E42D1901D33BBE,2026-07-22T17:50:00+07:00,Codex deterministic evidence reconciliation; Product Owner G4B sign-off pending,proof_id=docs/qa/ui-v031/cta_matrix.csv#CTA-P2-01-OPEN-CASE;cta_test_status=PASS
UI031-TRACE-CTA-P2-02-CREATE,PASS,CTA_ROW_EXECUTION_MANIFEST,mobile/test/features/rescue/rescue_home_screen_test.dart#rescue home fails closed without fabricated cases,N/A,N/A,442:908,N/A,output-evidence/ui-v031/UI-CC-2026-07-21-G4B/W8/cta-row-proof-20260723/rows/CTA-P2-02-CREATE.json,054DDE7E865125384FD223C2647036C5CDE6BA2D42125AD48F9ABD39085A39D1,2026-07-22T17:50:00+07:00,Codex deterministic evidence reconciliation; Product Owner G4B sign-off pending,proof_id=docs/qa/ui-v031/cta_matrix.csv#CTA-P2-02-CREATE;cta_test_status=PASS
UI031-TRACE-A11Y-AUTH,PASS,ANDROID_TALKBACK_JOURNEY_MANIFEST,Android TalkBack live traversal at text scale 2.0,N/A,N/A,442:23,android-api36-A11Y-AUTH-20260723,output-evidence/ui-v031/UI-CC-2026-07-21-G4B/W8/talkback-journeys-20260723/A11Y-AUTH.manifest.json,9486F410B8843EEE83B4D05FA00244D68E1DCFA4A4DA835F34C46EA3BA337D12,2026-07-23T04:41:31.179Z,Codex deterministic evidence reconciliation; Product Owner G4B sign-off pending,proof_id=output-evidence/ui-v031/UI-CC-2026-07-21-G4B/W8/talkback-journeys-20260723/talkback-journey-index.json#A11Y-AUTH;talkback_version=16.0.0.738667889;apk_sha256=8742CE8708BBD8DB27D89E2D6E25D4BF20E0419D45190020E0ECD6C1670E1237
UI031-TRACE-A11Y-HOME,PASS,ANDROID_TALKBACK_JOURNEY_MANIFEST,Android TalkBack live traversal at text scale 2.0,N/A,N/A,442:198,android-api36-A11Y-HOME-20260723,output-evidence/ui-v031/UI-CC-2026-07-21-G4B/W8/talkback-journeys-20260723/A11Y-HOME.manifest.json,41E46679FCE1DB5CB834966DE5D8C76B5B86B90804BFE67C2706BC8CE2284B05,2026-07-23T04:41:31.179Z,Codex deterministic evidence reconciliation; Product Owner G4B sign-off pending,proof_id=output-evidence/ui-v031/UI-CC-2026-07-21-G4B/W8/talkback-journeys-20260723/talkback-journey-index.json#A11Y-HOME;talkback_version=16.0.0.738667889;apk_sha256=8742CE8708BBD8DB27D89E2D6E25D4BF20E0419D45190020E0ECD6C1670E1237
UI031-TRACE-A11Y-VET,PASS,ANDROID_TALKBACK_JOURNEY_MANIFEST,Android TalkBack live traversal at text scale 2.0,N/A,N/A,442:275,android-api36-A11Y-VET-20260723,output-evidence/ui-v031/UI-CC-2026-07-21-G4B/W8/talkback-journeys-20260723/A11Y-VET.manifest.json,6B1429EE939A1697152159D9BB90FA3B5DFEF2B654E00E26AB8A132F9A8CB3F1,2026-07-23T04:41:31.179Z,Codex deterministic evidence reconciliation; Product Owner G4B sign-off pending,proof_id=output-evidence/ui-v031/UI-CC-2026-07-21-G4B/W8/talkback-journeys-20260723/talkback-journey-index.json#A11Y-VET;talkback_version=16.0.0.738667889;apk_sha256=8742CE8708BBD8DB27D89E2D6E25D4BF20E0419D45190020E0ECD6C1670E1237
UI031-TRACE-A11Y-HEALTH,PASS,ANDROID_TALKBACK_JOURNEY_MANIFEST,Android TalkBack live traversal at text scale 2.0,N/A,N/A,442:516,android-api36-A11Y-HEALTH-20260723,output-evidence/ui-v031/UI-CC-2026-07-21-G4B/W8/talkback-journeys-20260723/A11Y-HEALTH.manifest.json,D59785C699F59DC6D5826355884A52E0C9AF6A329F7F72F5D82F6565AEF88321,2026-07-23T04:41:31.179Z,Codex deterministic evidence reconciliation; Product Owner G4B sign-off pending,proof_id=output-evidence/ui-v031/UI-CC-2026-07-21-G4B/W8/talkback-journeys-20260723/talkback-journey-index.json#A11Y-HEALTH;talkback_version=16.0.0.738667889;apk_sha256=8742CE8708BBD8DB27D89E2D6E25D4BF20E0419D45190020E0ECD6C1670E1237
UI031-TRACE-A11Y-NOTIFICATIONS,PASS,ANDROID_TALKBACK_JOURNEY_MANIFEST,Android TalkBack live traversal at text scale 2.0,N/A,N/A,442:732,android-api36-A11Y-NOTIFICATIONS-20260723,output-evidence/ui-v031/UI-CC-2026-07-21-G4B/W8/talkback-journeys-20260723/A11Y-NOTIFICATIONS.manifest.json,CC93C2DF37450663F2DB370E31A35D1CF317B91AB20EF53DAC03ED2A2D74C712,2026-07-23T04:41:31.179Z,Codex deterministic evidence reconciliation; Product Owner G4B sign-off pending,proof_id=output-evidence/ui-v031/UI-CC-2026-07-21-G4B/W8/talkback-journeys-20260723/talkback-journey-index.json#A11Y-NOTIFICATIONS;talkback_version=16.0.0.738667889;apk_sha256=8742CE8708BBD8DB27D89E2D6E25D4BF20E0419D45190020E0ECD6C1670E1237
UI031-TRACE-A11Y-PROFILE,PASS,ANDROID_TALKBACK_JOURNEY_MANIFEST,Android TalkBack live traversal at text scale 2.0,N/A,N/A,442:792,android-api36-A11Y-PROFILE-20260723,output-evidence/ui-v031/UI-CC-2026-07-21-G4B/W8/talkback-journeys-20260723/A11Y-PROFILE.manifest.json,F702A56B090AAC953F78D46128BCC487755E4598B16155F953C4A2CF9E0C2325,2026-07-23T04:41:31.179Z,Codex deterministic evidence reconciliation; Product Owner G4B sign-off pending,proof_id=output-evidence/ui-v031/UI-CC-2026-07-21-G4B/W8/talkback-journeys-20260723/talkback-journey-index.json#A11Y-PROFILE;talkback_version=16.0.0.738667889;apk_sha256=8742CE8708BBD8DB27D89E2D6E25D4BF20E0419D45190020E0ECD6C1670E1237
UI031-TRACE-A11Y-RESCUE,PASS,ANDROID_TALKBACK_JOURNEY_MANIFEST,Android TalkBack live traversal at text scale 2.0,N/A,N/A,442:855,android-api36-A11Y-RESCUE-20260723,output-evidence/ui-v031/UI-CC-2026-07-21-G4B/W8/talkback-journeys-20260723/A11Y-RESCUE.manifest.json,158C380A928A01E8F8CF75EFD8C059E7F08338AC2EC1E973E34B71367F5EEAFE,2026-07-23T04:41:31.179Z,Codex deterministic evidence reconciliation; Product Owner G4B sign-off pending,proof_id=output-evidence/ui-v031/UI-CC-2026-07-21-G4B/W8/talkback-journeys-20260723/talkback-journey-index.json#A11Y-RESCUE;talkback_version=16.0.0.738667889;apk_sha256=8742CE8708BBD8DB27D89E2D6E25D4BF20E0419D45190020E0ECD6C1670E1237
