trace_id,requirement_id,source_requirement_id,screen_id,route_id,route,state_id,platform,viewport,text_scale,test_id,golden_id,golden_sha256,design_node_id,device_evidence_id,expected_result,evidence_path,evidence_sha256,proof_kind,status,cta_id,cta_enabled,handler_ref,feature_flag,accessibility_journey_id,owner,verified_at,reviewer,notes
UI031-TRACE-SCREEN-P1-01,UI031-VIS-SCREEN-P1-01,N/A,P1-01,RT-002,/onboarding,N/A,BOTH,390x844,1.0,mobile/test/visual/phase1_entry_golden_test.dart#P1-01 Onboarding golden at 390x844,mobile/test/visual/goldens/day13/p1-01-onboarding-390x844.png,6FE6F051380F41128DA537F2E46D8BFCB3CEE9390540DDAC2CB95BA5E445C818,462:5,N/A,"P1-01 Onboarding appears exactly once in the v0.31 denominator, shows the clean hero and photo picker, and does not display progress rails",output-evidence/ui-v031/UI-CC-2026-07-21-G4B/W8/cta-row-proof-20260723/runtime-goldens-71-pass.raw.txt,EC6E7E073BC62B22C34AD873A5CACC993CFC2AE3B8BDE7670297CB3DDA0DA274,SCREEN_RUNTIME_GOLDEN_AND_W3,PASS,N/A,N/A,N/A,N/A,N/A,onboarding,2026-07-22T17:50:00+07:00,Codex deterministic evidence reconciliation; Product Owner G4B sign-off pending,screen-denominator;classification=RUNTIME_PHASE1;source_node=442:6;change_control=UI031-CHANGE-W8-P1-01-NO-RAILS-02;proof_id=W3-CAN-P1-01-390x844;w3_matrix_sha256=D9F295525E261D797823F06E872472C0CAB2C2F599F57AB8A74126F1B8D3468A;w3_audit_sha256=5D5DBCB8C12C1768A174B299DE5E4FE818C80B6989C23D3453473698172BAB0F;golden_manifest=docs/qa/ui-v031/W8_RUNTIME_GOLDEN_HASHES.json;execution_overlay=docs/qa/ui-v031/ui_v031_trace_execution_overlay.csv
UI031-TRACE-SCREEN-P1-02,UI031-VIS-SCREEN-P1-02,N/A,P1-02,RT-003,/auth/login,N/A,BOTH,390x844,1.0,mobile/test/visual/phase1_entry_golden_test.dart#P1-02 Login golden at 390x844,mobile/test/visual/goldens/day13/p1-02-login-error-390x844.png,B81781881D33B2EF5A2779F130A61357AA2B7C39081309A1FFD28193507AF596,462:22,N/A,P1-02 Login Screen appears exactly once in the v0.31 denominator and preserves its locked scope,output-evidence/ui-v031/UI-CC-2026-07-21-G4B/W8/cta-row-proof-20260723/runtime-goldens-71-pass.raw.txt,EC6E7E073BC62B22C34AD873A5CACC993CFC2AE3B8BDE7670297CB3DDA0DA274,SCREEN_RUNTIME_GOLDEN_AND_W3,PASS,N/A,N/A,N/A,N/A,N/A,auth,2026-07-22T17:50:00+07:00,Codex deterministic evidence reconciliation; Product Owner G4B sign-off pending,screen-denominator;classification=RUNTIME_PHASE1;source_node=442:23;proof_id=W3-CAN-P1-02-390x844;w3_matrix_sha256=D9F295525E261D797823F06E872472C0CAB2C2F599F57AB8A74126F1B8D3468A;w3_audit_sha256=5D5DBCB8C12C1768A174B299DE5E4FE818C80B6989C23D3453473698172BAB0F;golden_manifest=docs/qa/ui-v031/W8_RUNTIME_GOLDEN_HASHES.json;execution_overlay=docs/qa/ui-v031/ui_v031_trace_execution_overlay.csv
UI031-TRACE-SCREEN-P1-03,UI031-VIS-SCREEN-P1-03,N/A,P1-03,RT-004,/auth/register,N/A,BOTH,390x844,1.0,mobile/test/visual/phase1_register_otp_golden_test.dart#P1-03 Register golden at 390x844,mobile/test/visual/goldens/day14/p1-03-register-390x844.png,74419A0CA30A0AEF4CAA25B9922EDA3DDE0DE10F0FA33EBE4C138133383A6AC9,462:45,N/A,P1-03 Register appears exactly once in the v0.31 denominator and preserves its locked scope,output-evidence/ui-v031/UI-CC-2026-07-21-G4B/W8/cta-row-proof-20260723/runtime-goldens-71-pass.raw.txt,EC6E7E073BC62B22C34AD873A5CACC993CFC2AE3B8BDE7670297CB3DDA0DA274,SCREEN_RUNTIME_GOLDEN_AND_W3,PASS,N/A,N/A,N/A,N/A,N/A,auth,2026-07-22T17:50:00+07:00,Codex deterministic evidence reconciliation; Product Owner G4B sign-off pending,screen-denominator;classification=RUNTIME_PHASE1;source_node=442:47;proof_id=W3-CAN-P1-03-390x844;w3_matrix_sha256=D9F295525E261D797823F06E872472C0CAB2C2F599F57AB8A74126F1B8D3468A;w3_audit_sha256=5D5DBCB8C12C1768A174B299DE5E4FE818C80B6989C23D3453473698172BAB0F;golden_manifest=docs/qa/ui-v031/W8_RUNTIME_GOLDEN_HASHES.json;execution_overlay=docs/qa/ui-v031/ui_v031_trace_execution_overlay.csv
UI031-TRACE-SCREEN-P1-04,UI031-VIS-SCREEN-P1-04,N/A,P1-04,RT-005,/auth/otp,N/A,BOTH,390x844,1.0,mobile/test/visual/phase1_register_otp_golden_test.dart#P1-04 OTP Verification golden at 390x844,mobile/test/visual/goldens/day14/p1-04-otp-390x844.png,DDF6D234BD1156F91BBA9A5C9684F0A4D9198F04C83054B3E2D29903C8B50691,462:70,N/A,P1-04 OTP Verification appears exactly once in the v0.31 denominator and preserves its locked scope,output-evidence/ui-v031/UI-CC-2026-07-21-G4B/W8/cta-row-proof-20260723/runtime-goldens-71-pass.raw.txt,EC6E7E073BC62B22C34AD873A5CACC993CFC2AE3B8BDE7670297CB3DDA0DA274,SCREEN_RUNTIME_GOLDEN_AND_W3,PASS,N/A,N/A,N/A,N/A,N/A,auth,2026-07-22T17:50:00+07:00,Codex deterministic evidence reconciliation; Product Owner G4B sign-off pending,screen-denominator;classification=RUNTIME_PHASE1;source_node=442:73;proof_id=W3-CAN-P1-04-390x844;w3_matrix_sha256=D9F295525E261D797823F06E872472C0CAB2C2F599F57AB8A74126F1B8D3468A;w3_audit_sha256=5D5DBCB8C12C1768A174B299DE5E4FE818C80B6989C23D3453473698172BAB0F;golden_manifest=docs/qa/ui-v031/W8_RUNTIME_GOLDEN_HASHES.json;execution_overlay=docs/qa/ui-v031/ui_v031_trace_execution_overlay.csv
UI031-TRACE-SCREEN-P1-05,UI031-VIS-SCREEN-P1-05,N/A,P1-05,RT-007,/pets/list,N/A,BOTH,390x844,1.0,mobile/test/visual/phase1_pet_golden_test.dart#P1-05 Pet List golden at 390x844,mobile/test/visual/goldens/day18/p1-05-pet-list-390x844.png,1DFA979A7CDA76071FD83CABEE2337DFE995CC251A90A083D3D6B29A73D30E47,462:99,N/A,P1-05 Pet List appears exactly once in the v0.31 denominator and preserves its locked scope,output-evidence/ui-v031/UI-CC-2026-07-21-G4B/W8/cta-row-proof-20260723/runtime-goldens-71-pass.raw.txt,EC6E7E073BC62B22C34AD873A5CACC993CFC2AE3B8BDE7670297CB3DDA0DA274,SCREEN_RUNTIME_GOLDEN_AND_W3,PASS,N/A,N/A,N/A,N/A,N/A,pets,2026-07-22T17:50:00+07:00,Codex deterministic evidence reconciliation; Product Owner G4B sign-off pending,screen-denominator;classification=RUNTIME_PHASE1;source_node=442:102;proof_id=W3-CAN-P1-05-390x844;w3_matrix_sha256=D9F295525E261D797823F06E872472C0CAB2C2F599F57AB8A74126F1B8D3468A;w3_audit_sha256=5D5DBCB8C12C1768A174B299DE5E4FE818C80B6989C23D3453473698172BAB0F;golden_manifest=docs/qa/ui-v031/W8_RUNTIME_GOLDEN_HASHES.json;execution_overlay=docs/qa/ui-v031/ui_v031_trace_execution_overlay.csv
UI031-TRACE-SCREEN-P1-06,UI031-VIS-SCREEN-P1-06,N/A,P1-06,RT-008,/pets/create | /pets/:id/edit,N/A,BOTH,390x844,1.0,mobile/test/visual/phase1_pet_golden_test.dart#P1-06 Pet Form golden at 390x844,mobile/test/visual/goldens/day18/p1-06-pet-form-390x844.png,93529733B7C1AC343A278A57EB2399CAAD8499A9A4B2D8F7CDADC67FCB6FF548,462:157,N/A,P1-06 Pet Form appears exactly once in the v0.31 denominator and preserves its locked scope,output-evidence/ui-v031/UI-CC-2026-07-21-G4B/W8/cta-row-proof-20260723/runtime-goldens-71-pass.raw.txt,EC6E7E073BC62B22C34AD873A5CACC993CFC2AE3B8BDE7670297CB3DDA0DA274,SCREEN_RUNTIME_GOLDEN_AND_W3,PASS,N/A,N/A,N/A,N/A,N/A,pets,2026-07-22T17:50:00+07:00,Codex deterministic evidence reconciliation; Product Owner G4B sign-off pending,screen-denominator;classification=RUNTIME_PHASE1;source_node=442:151;proof_id=W3-CAN-P1-06-390x844;w3_matrix_sha256=D9F295525E261D797823F06E872472C0CAB2C2F599F57AB8A74126F1B8D3468A;w3_audit_sha256=5D5DBCB8C12C1768A174B299DE5E4FE818C80B6989C23D3453473698172BAB0F;golden_manifest=docs/qa/ui-v031/W8_RUNTIME_GOLDEN_HASHES.json;execution_overlay=docs/qa/ui-v031/ui_v031_trace_execution_overlay.csv
UI031-TRACE-SCREEN-P1-07,UI031-VIS-SCREEN-P1-07,N/A,P1-07,RT-006,/pets,N/A,BOTH,390x844,1.0,mobile/test/visual/phase1_home_profile_golden_test.dart#P1-07 Home golden at 390x844,mobile/test/visual/goldens/day19/p1-07-home-390x844.png,34ADFB8F065CC9F2A54EE4014C9D413E7666CEF52D5920396EA351D9C2A22597,462:206,N/A,P1-07 Home Screen appears exactly once in the v0.31 denominator and preserves its locked scope,output-evidence/ui-v031/UI-CC-2026-07-21-G4B/W8/cta-row-proof-20260723/runtime-goldens-71-pass.raw.txt,EC6E7E073BC62B22C34AD873A5CACC993CFC2AE3B8BDE7670297CB3DDA0DA274,SCREEN_RUNTIME_GOLDEN_AND_W3,PASS,N/A,N/A,N/A,N/A,N/A,pets,2026-07-22T17:50:00+07:00,Codex deterministic evidence reconciliation; Product Owner G4B sign-off pending,screen-denominator;classification=RUNTIME_PHASE1;source_node=442:198;proof_id=W3-CAN-P1-07-390x844;w3_matrix_sha256=D9F295525E261D797823F06E872472C0CAB2C2F599F57AB8A74126F1B8D3468A;w3_audit_sha256=5D5DBCB8C12C1768A174B299DE5E4FE818C80B6989C23D3453473698172BAB0F;golden_manifest=docs/qa/ui-v031/W8_RUNTIME_GOLDEN_HASHES.json;execution_overlay=docs/qa/ui-v031/ui_v031_trace_execution_overlay.csv
UI031-TRACE-SCREEN-P1-08,UI031-VIS-SCREEN-P1-08,N/A,P1-08,RT-011,/vets/map,N/A,BOTH,390x844,1.0,mobile/test/visual/day23_vet_finder_golden_test.dart#P1-08 Vet Finder Map golden at 390x844,mobile/test/visual/goldens/day23/p1-08-vet-map-390x844.png,32E63A41EB1A8EFCA60DD5D681298078F40A274D96FEEC0704C797C80B26D1B3,462:294,N/A,P1-08 Vet Finder Map appears exactly once in the v0.31 denominator and preserves its locked scope,output-evidence/ui-v031/UI-CC-2026-07-21-G4B/W8/cta-row-proof-20260723/runtime-goldens-71-pass.raw.txt,EC6E7E073BC62B22C34AD873A5CACC993CFC2AE3B8BDE7670297CB3DDA0DA274,SCREEN_RUNTIME_GOLDEN_AND_W3,PASS,N/A,N/A,N/A,N/A,N/A,vets,2026-07-22T17:50:00+07:00,Codex deterministic evidence reconciliation; Product Owner G4B sign-off pending,screen-denominator;classification=RUNTIME_PHASE1;source_node=442:275;proof_id=W3-CAN-P1-08-390x844;w3_matrix_sha256=D9F295525E261D797823F06E872472C0CAB2C2F599F57AB8A74126F1B8D3468A;w3_audit_sha256=5D5DBCB8C12C1768A174B299DE5E4FE818C80B6989C23D3453473698172BAB0F;golden_manifest=docs/qa/ui-v031/W8_RUNTIME_GOLDEN_HASHES.json;execution_overlay=docs/qa/ui-v031/ui_v031_trace_execution_overlay.csv
UI031-TRACE-SCREEN-P1-09,UI031-VIS-SCREEN-P1-09,N/A,P1-09,RT-012,/vets/list,N/A,BOTH,390x844,1.0,mobile/test/visual/day23_vet_finder_golden_test.dart#P1-09 Vet Finder List golden at 390x844,mobile/test/visual/goldens/day23/p1-09-vet-list-390x844.png,018A77B74531B00A6674840157A04E1119F1052DA466686B644EA42488D74ADC,462:392,N/A,P1-09 Vet List appears exactly once in the v0.31 denominator and preserves its locked scope,output-evidence/ui-v031/UI-CC-2026-07-21-G4B/W8/cta-row-proof-20260723/runtime-goldens-71-pass.raw.txt,EC6E7E073BC62B22C34AD873A5CACC993CFC2AE3B8BDE7670297CB3DDA0DA274,SCREEN_RUNTIME_GOLDEN_AND_W3,PASS,N/A,N/A,N/A,N/A,N/A,vets,2026-07-22T17:50:00+07:00,Codex deterministic evidence reconciliation; Product Owner G4B sign-off pending,screen-denominator;classification=RUNTIME_PHASE1;source_node=442:357;proof_id=W3-CAN-P1-09-390x844;w3_matrix_sha256=D9F295525E261D797823F06E872472C0CAB2C2F599F57AB8A74126F1B8D3468A;w3_audit_sha256=5D5DBCB8C12C1768A174B299DE5E4FE818C80B6989C23D3453473698172BAB0F;golden_manifest=docs/qa/ui-v031/W8_RUNTIME_GOLDEN_HASHES.json;execution_overlay=docs/qa/ui-v031/ui_v031_trace_execution_overlay.csv
UI031-TRACE-SCREEN-P1-10,UI031-VIS-SCREEN-P1-10,N/A,P1-10,RT-013,/vets/:id,N/A,BOTH,390x844,1.0,mobile/test/visual/day24_vet_detail_review_golden_test.dart#P1-10 Vet Detail golden at 390x844,mobile/test/visual/goldens/day24/p1-10-vet-detail-390x844.png,825AEB6CCD4AF1749C58F4C99D9569B98AC893FEDC180B7C3724B36323F200C7,462:475,N/A,P1-10 Vet Detail appears exactly once in the v0.31 denominator and preserves its locked scope,output-evidence/ui-v031/UI-CC-2026-07-21-G4B/W8/cta-row-proof-20260723/runtime-goldens-71-pass.raw.txt,EC6E7E073BC62B22C34AD873A5CACC993CFC2AE3B8BDE7670297CB3DDA0DA274,SCREEN_RUNTIME_GOLDEN_AND_W3,PASS,N/A,N/A,N/A,N/A,N/A,vets,2026-07-22T17:50:00+07:00,Codex deterministic evidence reconciliation; Product Owner G4B sign-off pending,screen-denominator;classification=RUNTIME_PHASE1;source_node=442:430;proof_id=W3-CAN-P1-10-390x844;w3_matrix_sha256=D9F295525E261D797823F06E872472C0CAB2C2F599F57AB8A74126F1B8D3468A;w3_audit_sha256=5D5DBCB8C12C1768A174B299DE5E4FE818C80B6989C23D3453473698172BAB0F;golden_manifest=docs/qa/ui-v031/W8_RUNTIME_GOLDEN_HASHES.json;execution_overlay=docs/qa/ui-v031/ui_v031_trace_execution_overlay.csv
UI031-TRACE-SCREEN-P1-11,UI031-VIS-SCREEN-P1-11,N/A,P1-11,RT-036,modal:vet-review,N/A,BOTH,390x844,1.0,mobile/test/visual/day24_vet_detail_review_golden_test.dart#P1-11 Write Review golden at 390x844,mobile/test/visual/goldens/day24/p1-11-write-review-390x844.png,A01A5BD0FC084AEDC3C8C07EE4337E19A885EACCDCB3C08C335E204BAD23D2EB,462:524,N/A,P1-11 Write Review appears exactly once in the v0.31 denominator and preserves its locked scope,output-evidence/ui-v031/UI-CC-2026-07-21-G4B/W8/cta-row-proof-20260723/runtime-goldens-71-pass.raw.txt,EC6E7E073BC62B22C34AD873A5CACC993CFC2AE3B8BDE7670297CB3DDA0DA274,SCREEN_RUNTIME_GOLDEN_AND_W3,PASS,N/A,N/A,N/A,N/A,N/A,vets,2026-07-22T17:50:00+07:00,Codex deterministic evidence reconciliation; Product Owner G4B sign-off pending,screen-denominator;classification=RUNTIME_PHASE1;source_node=442:473;proof_id=W3-CAN-P1-11-390x844;w3_matrix_sha256=D9F295525E261D797823F06E872472C0CAB2C2F599F57AB8A74126F1B8D3468A;w3_audit_sha256=5D5DBCB8C12C1768A174B299DE5E4FE818C80B6989C23D3453473698172BAB0F;golden_manifest=docs/qa/ui-v031/W8_RUNTIME_GOLDEN_HASHES.json;execution_overlay=docs/qa/ui-v031/ui_v031_trace_execution_overlay.csv
UI031-TRACE-SCREEN-P1-12,UI031-VIS-SCREEN-P1-12,N/A,P1-12,RT-014,/health,N/A,BOTH,390x844,1.0,mobile/test/visual/day27_health_timeline_event_golden_test.dart#P1-12 Health Timeline golden at 390x844,mobile/test/visual/goldens/day27/p1-12-health-timeline-390x844.png,91BC203D4FD82D7688C3FF22016F3F70B1A6BE79E0A25CA1DC97A4D2F6B1EFD0,462:572,N/A,P1-12 Health Timeline appears exactly once in the v0.31 denominator and preserves its locked scope,output-evidence/ui-v031/UI-CC-2026-07-21-G4B/W8/cta-row-proof-20260723/runtime-goldens-71-pass.raw.txt,EC6E7E073BC62B22C34AD873A5CACC993CFC2AE3B8BDE7670297CB3DDA0DA274,SCREEN_RUNTIME_GOLDEN_AND_W3,PASS,N/A,N/A,N/A,N/A,N/A,health,2026-07-22T17:50:00+07:00,Codex deterministic evidence reconciliation; Product Owner G4B sign-off pending,screen-denominator;classification=RUNTIME_PHASE1;source_node=442:516;proof_id=W3-CAN-P1-12-390x844;w3_matrix_sha256=D9F295525E261D797823F06E872472C0CAB2C2F599F57AB8A74126F1B8D3468A;w3_audit_sha256=5D5DBCB8C12C1768A174B299DE5E4FE818C80B6989C23D3453473698172BAB0F;golden_manifest=docs/qa/ui-v031/W8_RUNTIME_GOLDEN_HASHES.json;execution_overlay=docs/qa/ui-v031/ui_v031_trace_execution_overlay.csv
UI031-TRACE-SCREEN-P1-13,UI031-VIS-SCREEN-P1-13,N/A,P1-13,RT-015,/health/events/new,N/A,BOTH,390x844,1.0,mobile/test/visual/day27_health_timeline_event_golden_test.dart#P1-13 Add Health Event golden at 390x844,mobile/test/visual/goldens/day27/p1-13-add-health-event-390x844.png,DBC2C5BC6E850706AEC9117469BC1CA56F185E3024E284EF887182A3D0AF873A,462:659,N/A,P1-13 Add Health Event appears exactly once in the v0.31 denominator and preserves its locked scope,output-evidence/ui-v031/UI-CC-2026-07-21-G4B/W8/cta-row-proof-20260723/runtime-goldens-71-pass.raw.txt,EC6E7E073BC62B22C34AD873A5CACC993CFC2AE3B8BDE7670297CB3DDA0DA274,SCREEN_RUNTIME_GOLDEN_AND_W3,PASS,N/A,N/A,N/A,N/A,N/A,health,2026-07-22T17:50:00+07:00,Codex deterministic evidence reconciliation; Product Owner G4B sign-off pending,screen-denominator;classification=RUNTIME_PHASE1;source_node=442:589;proof_id=W3-CAN-P1-13-390x844;w3_matrix_sha256=D9F295525E261D797823F06E872472C0CAB2C2F599F57AB8A74126F1B8D3468A;w3_audit_sha256=5D5DBCB8C12C1768A174B299DE5E4FE818C80B6989C23D3453473698172BAB0F;golden_manifest=docs/qa/ui-v031/W8_RUNTIME_GOLDEN_HASHES.json;execution_overlay=docs/qa/ui-v031/ui_v031_trace_execution_overlay.csv
UI031-TRACE-SCREEN-P1-14,UI031-VIS-SCREEN-P1-14,N/A,P1-14,RT-016,/health/reminders,N/A,BOTH,390x844,1.0,mobile/test/visual/day28_reminder_notification_golden_test.dart#P1-14 Reminder Calendar golden at 390x844,mobile/test/visual/goldens/day28/p1-14-reminder-calendar-390x844.png,277C7E58412268C14BF7478E357BBC845B638A22FC853D1BC3EDFEB129949FE2,462:716,N/A,P1-14 Reminder Calendar appears exactly once in the v0.31 denominator and preserves its locked scope,output-evidence/ui-v031/UI-CC-2026-07-21-G4B/W8/cta-row-proof-20260723/runtime-goldens-71-pass.raw.txt,EC6E7E073BC62B22C34AD873A5CACC993CFC2AE3B8BDE7670297CB3DDA0DA274,SCREEN_RUNTIME_GOLDEN_AND_W3,PASS,N/A,N/A,N/A,N/A,N/A,reminders,2026-07-22T17:50:00+07:00,Codex deterministic evidence reconciliation; Product Owner G4B sign-off pending,screen-denominator;classification=RUNTIME_PHASE1;source_node=442:639;proof_id=W3-CAN-P1-14-390x844;w3_matrix_sha256=D9F295525E261D797823F06E872472C0CAB2C2F599F57AB8A74126F1B8D3468A;w3_audit_sha256=5D5DBCB8C12C1768A174B299DE5E4FE818C80B6989C23D3453473698172BAB0F;golden_manifest=docs/qa/ui-v031/W8_RUNTIME_GOLDEN_HASHES.json;execution_overlay=docs/qa/ui-v031/ui_v031_trace_execution_overlay.csv
UI031-TRACE-SCREEN-P1-15,UI031-VIS-SCREEN-P1-15,N/A,P1-15,RT-017,/notifications,N/A,BOTH,390x844,1.0,mobile/test/visual/day28_reminder_notification_golden_test.dart#P1-15 Notification Center golden at 390x844,mobile/test/visual/goldens/day28/p1-15-notification-center-390x844.png,01619868FB4302E3EDDE0F6273105B9FB1261F07EA53CEE11CF4756AAE8365E5,462:824,N/A,P1-15 Notification Center appears exactly once in the v0.31 denominator and preserves its locked scope,output-evidence/ui-v031/UI-CC-2026-07-21-G4B/W8/cta-row-proof-20260723/runtime-goldens-71-pass.raw.txt,EC6E7E073BC62B22C34AD873A5CACC993CFC2AE3B8BDE7670297CB3DDA0DA274,SCREEN_RUNTIME_GOLDEN_AND_W3,PASS,N/A,N/A,N/A,N/A,N/A,notifications,2026-07-22T17:50:00+07:00,Codex deterministic evidence reconciliation; Product Owner G4B sign-off pending,screen-denominator;classification=RUNTIME_PHASE1;source_node=442:732;proof_id=W3-CAN-P1-15-390x844;w3_matrix_sha256=D9F295525E261D797823F06E872472C0CAB2C2F599F57AB8A74126F1B8D3468A;w3_audit_sha256=5D5DBCB8C12C1768A174B299DE5E4FE818C80B6989C23D3453473698172BAB0F;golden_manifest=docs/qa/ui-v031/W8_RUNTIME_GOLDEN_HASHES.json;execution_overlay=docs/qa/ui-v031/ui_v031_trace_execution_overlay.csv
UI031-TRACE-SCREEN-P1-16,UI031-VIS-SCREEN-P1-16,N/A,P1-16,RT-022,/profile,N/A,BOTH,390x844,1.0,mobile/test/visual/phase1_home_profile_golden_test.dart#P1-16 Profile golden at 390x844,mobile/test/visual/goldens/day19/p1-16-profile-390x844.png,2823C2B3644EFFDA2881AF54606C9FD32A001F1FE3AEB5AEABD99DE6F358CC31,462:893,N/A,P1-16 Profile Screen appears exactly once in the v0.31 denominator and preserves its locked scope,output-evidence/ui-v031/UI-CC-2026-07-21-G4B/W8/cta-row-proof-20260723/runtime-goldens-71-pass.raw.txt,EC6E7E073BC62B22C34AD873A5CACC993CFC2AE3B8BDE7670297CB3DDA0DA274,SCREEN_RUNTIME_GOLDEN_AND_W3,PASS,N/A,N/A,N/A,N/A,N/A,profile,2026-07-22T17:50:00+07:00,Codex deterministic evidence reconciliation; Product Owner G4B sign-off pending,screen-denominator;classification=RUNTIME_PHASE1;source_node=442:792;proof_id=W3-CAN-P1-16-390x844;w3_matrix_sha256=D9F295525E261D797823F06E872472C0CAB2C2F599F57AB8A74126F1B8D3468A;w3_audit_sha256=5D5DBCB8C12C1768A174B299DE5E4FE818C80B6989C23D3453473698172BAB0F;golden_manifest=docs/qa/ui-v031/W8_RUNTIME_GOLDEN_HASHES.json;execution_overlay=docs/qa/ui-v031/ui_v031_trace_execution_overlay.csv
UI031-TRACE-SCREEN-P2-01,UI031-VIS-SCREEN-P2-01,N/A,P2-01,RT-023,/rescue,N/A,BOTH,390x844,1.0,mobile/test/visual/ui_v031_rescue_staged_golden_test.dart#P2-01 Rescue staged golden at 390x844,mobile/test/visual/goldens/ui-v031-rescue/rescue-staged-390x844.png,9FEC9128DB8C95B049720BA217C03F6F4451E48AABF4ED9FA492B680418E6DF6,462:966,N/A,P2-01 Rescue Home appears exactly once in the v0.31 denominator and preserves its locked scope,output-evidence/ui-v031/UI-CC-2026-07-21-G4B/W8/cta-row-proof-20260723/runtime-goldens-71-pass.raw.txt,EC6E7E073BC62B22C34AD873A5CACC993CFC2AE3B8BDE7670297CB3DDA0DA274,SCREEN_RUNTIME_GOLDEN_AND_W3,PASS,N/A,N/A,N/A,N/A,N/A,rescue,2026-07-22T17:50:00+07:00,Codex deterministic evidence reconciliation; Product Owner G4B sign-off pending,screen-denominator;classification=STAGED_PHASE2_FLAG_OFF;source_node=442:855;proof_id=W3-CAN-P2-01-390x844;w3_matrix_sha256=D9F295525E261D797823F06E872472C0CAB2C2F599F57AB8A74126F1B8D3468A;w3_audit_sha256=5D5DBCB8C12C1768A174B299DE5E4FE818C80B6989C23D3453473698172BAB0F;golden_manifest=docs/qa/ui-v031/W8_RUNTIME_GOLDEN_HASHES.json;execution_overlay=docs/qa/ui-v031/ui_v031_trace_execution_overlay.csv
UI031-TRACE-SCREEN-P2-02,UI031-VIS-SCREEN-P2-02,N/A,P2-02,RT-024,/rescue/drafts/new,N/A,DESIGN,390x844,1.0,N/A,N/A,N/A,462:1028,N/A,P2-02 Create Lost Alert appears exactly once in the v0.31 denominator and preserves its locked scope,output-evidence/ui-v031/UI-CC-2026-07-21-G4B/W3/post-write-v032-section.png,7C27ACB71E3FE54D02D56992701B02FD15EFD37EF9412786CE758060CB99D050,SCREEN_W3_DESIGN,PASS,N/A,N/A,N/A,N/A,N/A,rescue,2026-07-22T17:50:00+07:00,Codex deterministic evidence reconciliation; Product Owner G4B sign-off pending,screen-denominator;classification=DESIGN_ONLY_PHASE2;source_node=442:908;proof_id=W3-CAN-P2-02-390x844;w3_matrix_sha256=D9F295525E261D797823F06E872472C0CAB2C2F599F57AB8A74126F1B8D3468A;w3_audit_sha256=5D5DBCB8C12C1768A174B299DE5E4FE818C80B6989C23D3453473698172BAB0F;execution_overlay=docs/qa/ui-v031/ui_v031_trace_execution_overlay.csv
UI031-TRACE-SCREEN-P2-03,UI031-VIS-SCREEN-P2-03,N/A,P2-03,RT-025,/rescue/drafts/:draftId/details,N/A,DESIGN,390x844,1.0,N/A,N/A,N/A,462:1074,N/A,P2-03 Lost Info Form appears exactly once in the v0.31 denominator and preserves its locked scope,output-evidence/ui-v031/UI-CC-2026-07-21-G4B/W3/post-write-v032-section.png,7C27ACB71E3FE54D02D56992701B02FD15EFD37EF9412786CE758060CB99D050,SCREEN_W3_DESIGN,PASS,N/A,N/A,N/A,N/A,N/A,rescue,2026-07-22T17:50:00+07:00,Codex deterministic evidence reconciliation; Product Owner G4B sign-off pending,screen-denominator;classification=DESIGN_ONLY_PHASE2;source_node=442:949;proof_id=W3-CAN-P2-03-390x844;w3_matrix_sha256=D9F295525E261D797823F06E872472C0CAB2C2F599F57AB8A74126F1B8D3468A;w3_audit_sha256=5D5DBCB8C12C1768A174B299DE5E4FE818C80B6989C23D3453473698172BAB0F;execution_overlay=docs/qa/ui-v031/ui_v031_trace_execution_overlay.csv
UI031-TRACE-SCREEN-P2-04,UI031-VIS-SCREEN-P2-04,N/A,P2-04,RT-027,/rescue/cases/:caseId,N/A,DESIGN,390x844,1.0,N/A,N/A,N/A,462:1109,N/A,P2-04 Case Detail appears exactly once in the v0.31 denominator and preserves its locked scope,output-evidence/ui-v031/UI-CC-2026-07-21-G4B/W3/post-write-v032-section.png,7C27ACB71E3FE54D02D56992701B02FD15EFD37EF9412786CE758060CB99D050,SCREEN_W3_DESIGN,PASS,N/A,N/A,N/A,N/A,N/A,rescue,2026-07-22T17:50:00+07:00,Codex deterministic evidence reconciliation; Product Owner G4B sign-off pending,screen-denominator;classification=DESIGN_ONLY_PHASE2;source_node=442:984;proof_id=W3-CAN-P2-04-390x844;w3_matrix_sha256=D9F295525E261D797823F06E872472C0CAB2C2F599F57AB8A74126F1B8D3468A;w3_audit_sha256=5D5DBCB8C12C1768A174B299DE5E4FE818C80B6989C23D3453473698172BAB0F;execution_overlay=docs/qa/ui-v031/ui_v031_trace_execution_overlay.csv
UI031-TRACE-SCREEN-P2-05,UI031-VIS-SCREEN-P2-05,N/A,P2-05,RT-026,/rescue/map,N/A,DESIGN,390x844,1.0,N/A,N/A,N/A,462:1142,N/A,P2-05 Rescue Map appears exactly once in the v0.31 denominator and preserves its locked scope,output-evidence/ui-v031/UI-CC-2026-07-21-G4B/W3/post-write-v032-section.png,7C27ACB71E3FE54D02D56992701B02FD15EFD37EF9412786CE758060CB99D050,SCREEN_W3_DESIGN,PASS,N/A,N/A,N/A,N/A,N/A,rescue,2026-07-22T17:50:00+07:00,Codex deterministic evidence reconciliation; Product Owner G4B sign-off pending,screen-denominator;classification=DESIGN_ONLY_PHASE2;source_node=442:1016;proof_id=W3-CAN-P2-05-390x844;w3_matrix_sha256=D9F295525E261D797823F06E872472C0CAB2C2F599F57AB8A74126F1B8D3468A;w3_audit_sha256=5D5DBCB8C12C1768A174B299DE5E4FE818C80B6989C23D3453473698172BAB0F;execution_overlay=docs/qa/ui-v031/ui_v031_trace_execution_overlay.csv
UI031-TRACE-SCREEN-P2-06,UI031-VIS-SCREEN-P2-06,N/A,P2-06,RT-028,/rescue/cases/:caseId/comment,N/A,DESIGN,390x844,1.0,N/A,N/A,N/A,462:1205,N/A,P2-06 Case Comment appears exactly once in the v0.31 denominator and preserves its locked scope,output-evidence/ui-v031/UI-CC-2026-07-21-G4B/W3/post-write-v032-section.png,7C27ACB71E3FE54D02D56992701B02FD15EFD37EF9412786CE758060CB99D050,SCREEN_W3_DESIGN,PASS,N/A,N/A,N/A,N/A,N/A,rescue,2026-07-22T17:50:00+07:00,Codex deterministic evidence reconciliation; Product Owner G4B sign-off pending,screen-denominator;classification=DESIGN_ONLY_PHASE2;source_node=442:1076;proof_id=W3-CAN-P2-06-390x844;w3_matrix_sha256=D9F295525E261D797823F06E872472C0CAB2C2F599F57AB8A74126F1B8D3468A;w3_audit_sha256=5D5DBCB8C12C1768A174B299DE5E4FE818C80B6989C23D3453473698172BAB0F;execution_overlay=docs/qa/ui-v031/ui_v031_trace_execution_overlay.csv
UI031-TRACE-SCREEN-P2-07,UI031-VIS-SCREEN-P2-07,N/A,P2-07,RT-029,/rescue/cases/:caseId/status,N/A,DESIGN,390x844,1.0,N/A,N/A,N/A,462:1251,N/A,P2-07 Case Status Update appears exactly once in the v0.31 denominator and preserves its locked scope,output-evidence/ui-v031/UI-CC-2026-07-21-G4B/W3/post-write-v032-section.png,7C27ACB71E3FE54D02D56992701B02FD15EFD37EF9412786CE758060CB99D050,SCREEN_W3_DESIGN,PASS,N/A,N/A,N/A,N/A,N/A,rescue,2026-07-22T17:50:00+07:00,Codex deterministic evidence reconciliation; Product Owner G4B sign-off pending,screen-denominator;classification=DESIGN_ONLY_PHASE2;source_node=442:1120;proof_id=W3-CAN-P2-07-390x844;w3_matrix_sha256=D9F295525E261D797823F06E872472C0CAB2C2F599F57AB8A74126F1B8D3468A;w3_audit_sha256=5D5DBCB8C12C1768A174B299DE5E4FE818C80B6989C23D3453473698172BAB0F;execution_overlay=docs/qa/ui-v031/ui_v031_trace_execution_overlay.csv
UI031-TRACE-SCREEN-P2-08,UI031-VIS-SCREEN-P2-08,N/A,P2-08,RT-030,/rescue/cases/:caseId/discussion,N/A,DESIGN,390x844,1.0,N/A,N/A,N/A,462:1301,N/A,P2-08 Case Discussion appears exactly once in the v0.31 denominator and preserves its locked scope,output-evidence/ui-v031/UI-CC-2026-07-21-G4B/W3/post-write-v032-section.png,7C27ACB71E3FE54D02D56992701B02FD15EFD37EF9412786CE758060CB99D050,SCREEN_W3_DESIGN,PASS,N/A,N/A,N/A,N/A,N/A,rescue,2026-07-22T17:50:00+07:00,Codex deterministic evidence reconciliation; Product Owner G4B sign-off pending,screen-denominator;classification=DESIGN_ONLY_PHASE2;source_node=442:1167;proof_id=W3-CAN-P2-08-390x844;w3_matrix_sha256=D9F295525E261D797823F06E872472C0CAB2C2F599F57AB8A74126F1B8D3468A;w3_audit_sha256=5D5DBCB8C12C1768A174B299DE5E4FE818C80B6989C23D3453473698172BAB0F;execution_overlay=docs/qa/ui-v031/ui_v031_trace_execution_overlay.csv
UI031-TRACE-SCREEN-P2-09,UI031-VIS-SCREEN-P2-09,N/A,P2-09,RT-019,/adoption,N/A,DESIGN,390x844,1.0,N/A,N/A,N/A,462:1382,N/A,P2-09 Adoption Swipe Deck appears exactly once in the v0.31 denominator and preserves its locked scope,output-evidence/ui-v031/UI-CC-2026-07-21-G4B/W3/post-write-v032-section.png,7C27ACB71E3FE54D02D56992701B02FD15EFD37EF9412786CE758060CB99D050,SCREEN_W3_DESIGN,PASS,N/A,N/A,N/A,N/A,N/A,adoption,2026-07-22T17:50:00+07:00,Codex deterministic evidence reconciliation; Product Owner G4B sign-off pending,screen-denominator;classification=DESIGN_ONLY_PHASE2;source_node=442:1235;proof_id=W3-CAN-P2-09-390x844;w3_matrix_sha256=D9F295525E261D797823F06E872472C0CAB2C2F599F57AB8A74126F1B8D3468A;w3_audit_sha256=5D5DBCB8C12C1768A174B299DE5E4FE818C80B6989C23D3453473698172BAB0F;execution_overlay=docs/qa/ui-v031/ui_v031_trace_execution_overlay.csv
UI031-TRACE-SCREEN-P2-10,UI031-VIS-SCREEN-P2-10,N/A,P2-10,RT-031,proposed:/adoption/pets/:id,N/A,DESIGN,390x844,1.0,N/A,N/A,N/A,462:1444,N/A,P2-10 Adoption Profile appears exactly once in the v0.31 denominator and preserves its locked scope,output-evidence/ui-v031/UI-CC-2026-07-21-G4B/W3/post-write-v032-section.png,7C27ACB71E3FE54D02D56992701B02FD15EFD37EF9412786CE758060CB99D050,SCREEN_W3_DESIGN,PASS,N/A,N/A,N/A,N/A,N/A,adoption,2026-07-22T17:50:00+07:00,Codex deterministic evidence reconciliation; Product Owner G4B sign-off pending,screen-denominator;classification=DESIGN_ONLY_PHASE2;source_node=442:1288;proof_id=W3-CAN-P2-10-390x844;w3_matrix_sha256=D9F295525E261D797823F06E872472C0CAB2C2F599F57AB8A74126F1B8D3468A;w3_audit_sha256=5D5DBCB8C12C1768A174B299DE5E4FE818C80B6989C23D3453473698172BAB0F;execution_overlay=docs/qa/ui-v031/ui_v031_trace_execution_overlay.csv
UI031-TRACE-SCREEN-P2-11,UI031-VIS-SCREEN-P2-11,N/A,P2-11,RT-032,proposed:/adoption/requests/new,N/A,DESIGN,390x844,1.0,N/A,N/A,N/A,462:1493,N/A,P2-11 Adoption Request Form appears exactly once in the v0.31 denominator and preserves its locked scope,output-evidence/ui-v031/UI-CC-2026-07-21-G4B/W3/post-write-v032-section.png,7C27ACB71E3FE54D02D56992701B02FD15EFD37EF9412786CE758060CB99D050,SCREEN_W3_DESIGN,PASS,N/A,N/A,N/A,N/A,N/A,adoption,2026-07-22T17:50:00+07:00,Codex deterministic evidence reconciliation; Product Owner G4B sign-off pending,screen-denominator;classification=DESIGN_ONLY_PHASE2;source_node=442:1330;proof_id=W3-CAN-P2-11-390x844;w3_matrix_sha256=D9F295525E261D797823F06E872472C0CAB2C2F599F57AB8A74126F1B8D3468A;w3_audit_sha256=5D5DBCB8C12C1768A174B299DE5E4FE818C80B6989C23D3453473698172BAB0F;execution_overlay=docs/qa/ui-v031/ui_v031_trace_execution_overlay.csv
UI031-TRACE-SCREEN-P2-12,UI031-VIS-SCREEN-P2-12,N/A,P2-12,RT-033,proposed:/adoption/requests/:id/chat,N/A,DESIGN,390x844,1.0,N/A,N/A,N/A,462:1532,N/A,P2-12 Shelter Chat appears exactly once in the v0.31 denominator and preserves its locked scope,output-evidence/ui-v031/UI-CC-2026-07-21-G4B/W3/post-write-v032-section.png,7C27ACB71E3FE54D02D56992701B02FD15EFD37EF9412786CE758060CB99D050,SCREEN_W3_DESIGN,PASS,N/A,N/A,N/A,N/A,N/A,adoption,2026-07-22T17:50:00+07:00,Codex deterministic evidence reconciliation; Product Owner G4B sign-off pending,screen-denominator;classification=DESIGN_ONLY_PHASE2;source_node=442:1368;proof_id=W3-CAN-P2-12-390x844;w3_matrix_sha256=D9F295525E261D797823F06E872472C0CAB2C2F599F57AB8A74126F1B8D3468A;w3_audit_sha256=5D5DBCB8C12C1768A174B299DE5E4FE818C80B6989C23D3453473698172BAB0F;execution_overlay=docs/qa/ui-v031/ui_v031_trace_execution_overlay.csv
UI031-TRACE-SCREEN-P2-13,UI031-VIS-SCREEN-P2-13,N/A,P2-13,RT-014,/health,N/A,DESIGN,390x844,1.0,N/A,N/A,N/A,462:1575,N/A,P2-13 Health Hub appears exactly once in the v0.31 denominator and preserves its locked scope,output-evidence/ui-v031/UI-CC-2026-07-21-G4B/W3/post-write-v032-section.png,7C27ACB71E3FE54D02D56992701B02FD15EFD37EF9412786CE758060CB99D050,SCREEN_W3_DESIGN,PASS,N/A,N/A,N/A,N/A,N/A,health,2026-07-22T17:50:00+07:00,Codex deterministic evidence reconciliation; Product Owner G4B sign-off pending,screen-denominator;classification=DESIGN_ONLY_PHASE2;source_node=442:1408;proof_id=W3-CAN-P2-13-390x844;w3_matrix_sha256=D9F295525E261D797823F06E872472C0CAB2C2F599F57AB8A74126F1B8D3468A;w3_audit_sha256=5D5DBCB8C12C1768A174B299DE5E4FE818C80B6989C23D3453473698172BAB0F;execution_overlay=docs/qa/ui-v031/ui_v031_trace_execution_overlay.csv
UI031-TRACE-SCREEN-P2-14,UI031-VIS-SCREEN-P2-14,N/A,P2-14,RT-035,proposed:/notifications/preferences,N/A,DESIGN,390x844,1.0,N/A,N/A,N/A,462:1664,N/A,P2-14 Notification Preferences appears exactly once in the v0.31 denominator and preserves its locked scope,output-evidence/ui-v031/UI-CC-2026-07-21-G4B/W3/post-write-v032-section.png,7C27ACB71E3FE54D02D56992701B02FD15EFD37EF9412786CE758060CB99D050,SCREEN_W3_DESIGN,PASS,N/A,N/A,N/A,N/A,N/A,notifications,2026-07-22T17:50:00+07:00,Codex deterministic evidence reconciliation; Product Owner G4B sign-off pending,screen-denominator;classification=DESIGN_ONLY_PHASE2;source_node=442:1486;proof_id=W3-CAN-P2-14-390x844;w3_matrix_sha256=D9F295525E261D797823F06E872472C0CAB2C2F599F57AB8A74126F1B8D3468A;w3_audit_sha256=5D5DBCB8C12C1768A174B299DE5E4FE818C80B6989C23D3453473698172BAB0F;execution_overlay=docs/qa/ui-v031/ui_v031_trace_execution_overlay.csv
UI031-TRACE-SCREEN-P2-15,UI031-VIS-SCREEN-P2-15,N/A,P2-15,RT-021,/profile/privacy,N/A,DESIGN,390x844,1.0,N/A,N/A,N/A,462:1704,N/A,P2-15 Privacy Defaults appears exactly once in the v0.31 denominator and preserves its locked scope,output-evidence/ui-v031/UI-CC-2026-07-21-G4B/W3/post-write-v032-section.png,7C27ACB71E3FE54D02D56992701B02FD15EFD37EF9412786CE758060CB99D050,SCREEN_W3_DESIGN,PASS,N/A,N/A,N/A,N/A,N/A,profile,2026-07-22T17:50:00+07:00,Codex deterministic evidence reconciliation; Product Owner G4B sign-off pending,screen-denominator;classification=DESIGN_ONLY_PHASE2;source_node=442:1527;proof_id=W3-CAN-P2-15-390x844;w3_matrix_sha256=D9F295525E261D797823F06E872472C0CAB2C2F599F57AB8A74126F1B8D3468A;w3_audit_sha256=5D5DBCB8C12C1768A174B299DE5E4FE818C80B6989C23D3453473698172BAB0F;execution_overlay=docs/qa/ui-v031/ui_v031_trace_execution_overlay.csv
UI031-TRACE-SCREEN-P2-16,UI031-VIS-SCREEN-P2-16,N/A,P2-16,RT-020,/profile/controls,N/A,DESIGN,390x844,1.0,N/A,N/A,N/A,462:1744,N/A,P2-16 Profile Controls appears exactly once in the v0.31 denominator and preserves its locked scope,output-evidence/ui-v031/UI-CC-2026-07-21-G4B/W3/post-write-v032-section.png,7C27ACB71E3FE54D02D56992701B02FD15EFD37EF9412786CE758060CB99D050,SCREEN_W3_DESIGN,PASS,N/A,N/A,N/A,N/A,N/A,profile,2026-07-22T17:50:00+07:00,Codex deterministic evidence reconciliation; Product Owner G4B sign-off pending,screen-denominator;classification=DESIGN_ONLY_PHASE2;source_node=442:1567;proof_id=W3-CAN-P2-16-390x844;w3_matrix_sha256=D9F295525E261D797823F06E872472C0CAB2C2F599F57AB8A74126F1B8D3468A;w3_audit_sha256=5D5DBCB8C12C1768A174B299DE5E4FE818C80B6989C23D3453473698172BAB0F;execution_overlay=docs/qa/ui-v031/ui_v031_trace_execution_overlay.csv
UI031-TRACE-SCREEN-ST-01,UI031-VIS-SCREEN-ST-01,N/A,ST-01,N/A,N/A,ST-01,DESIGN,390x844,1.0,N/A,N/A,N/A,462:1823,N/A,ST-01 Offline Full Screen appears exactly once in the v0.31 denominator and preserves its locked scope,output-evidence/ui-v031/UI-CC-2026-07-21-G4B/W3/post-write-v032-section.png,7C27ACB71E3FE54D02D56992701B02FD15EFD37EF9412786CE758060CB99D050,SCREEN_W3_DESIGN,PASS,N/A,N/A,N/A,N/A,N/A,cross-module,2026-07-22T17:50:00+07:00,Codex deterministic evidence reconciliation; Product Owner G4B sign-off pending,screen-denominator;classification=STATE_REFERENCE;source_node=442:1633;proof_id=W3-CAN-ST-01-390x844;w3_matrix_sha256=D9F295525E261D797823F06E872472C0CAB2C2F599F57AB8A74126F1B8D3468A;w3_audit_sha256=5D5DBCB8C12C1768A174B299DE5E4FE818C80B6989C23D3453473698172BAB0F;execution_overlay=docs/qa/ui-v031/ui_v031_trace_execution_overlay.csv
UI031-TRACE-SCREEN-ST-02,UI031-VIS-SCREEN-ST-02,N/A,ST-02,N/A,N/A,ST-02,DESIGN,390x844,1.0,N/A,N/A,N/A,462:1861,N/A,ST-02 Network Error Retry appears exactly once in the v0.31 denominator and preserves its locked scope,output-evidence/ui-v031/UI-CC-2026-07-21-G4B/W3/post-write-v032-section.png,7C27ACB71E3FE54D02D56992701B02FD15EFD37EF9412786CE758060CB99D050,SCREEN_W3_DESIGN,PASS,N/A,N/A,N/A,N/A,N/A,cross-module,2026-07-22T17:50:00+07:00,Codex deterministic evidence reconciliation; Product Owner G4B sign-off pending,screen-denominator;classification=STATE_REFERENCE;source_node=442:1664;proof_id=W3-CAN-ST-02-390x844;w3_matrix_sha256=D9F295525E261D797823F06E872472C0CAB2C2F599F57AB8A74126F1B8D3468A;w3_audit_sha256=5D5DBCB8C12C1768A174B299DE5E4FE818C80B6989C23D3453473698172BAB0F;execution_overlay=docs/qa/ui-v031/ui_v031_trace_execution_overlay.csv
UI031-TRACE-SCREEN-ST-03,UI031-VIS-SCREEN-ST-03,N/A,ST-03,N/A,N/A,ST-03,DESIGN,390x844,1.0,N/A,N/A,N/A,462:1910,N/A,ST-03 Loading Skeleton appears exactly once in the v0.31 denominator and preserves its locked scope,output-evidence/ui-v031/UI-CC-2026-07-21-G4B/W3/post-write-v032-section.png,7C27ACB71E3FE54D02D56992701B02FD15EFD37EF9412786CE758060CB99D050,SCREEN_W3_DESIGN,PASS,N/A,N/A,N/A,N/A,N/A,cross-module,2026-07-22T17:50:00+07:00,Codex deterministic evidence reconciliation; Product Owner G4B sign-off pending,screen-denominator;classification=STATE_REFERENCE;source_node=442:1707;proof_id=W3-CAN-ST-03-390x844;w3_matrix_sha256=D9F295525E261D797823F06E872472C0CAB2C2F599F57AB8A74126F1B8D3468A;w3_audit_sha256=5D5DBCB8C12C1768A174B299DE5E4FE818C80B6989C23D3453473698172BAB0F;execution_overlay=docs/qa/ui-v031/ui_v031_trace_execution_overlay.csv
UI031-TRACE-SCREEN-ST-04,UI031-VIS-SCREEN-ST-04,N/A,ST-04,RT-007,/pets/list,ST-04,DESIGN,390x844,1.0,N/A,N/A,N/A,462:1967,N/A,ST-04 Empty First Pet appears exactly once in the v0.31 denominator and preserves its locked scope,output-evidence/ui-v031/UI-CC-2026-07-21-G4B/W3/post-write-v032-section.png,7C27ACB71E3FE54D02D56992701B02FD15EFD37EF9412786CE758060CB99D050,SCREEN_W3_DESIGN,PASS,N/A,N/A,N/A,N/A,N/A,pets,2026-07-22T17:50:00+07:00,Codex deterministic evidence reconciliation; Product Owner G4B sign-off pending,screen-denominator;classification=STATE_REFERENCE;source_node=442:1758;proof_id=W3-CAN-ST-04-390x844;w3_matrix_sha256=D9F295525E261D797823F06E872472C0CAB2C2F599F57AB8A74126F1B8D3468A;w3_audit_sha256=5D5DBCB8C12C1768A174B299DE5E4FE818C80B6989C23D3453473698172BAB0F;execution_overlay=docs/qa/ui-v031/ui_v031_trace_execution_overlay.csv
UI031-TRACE-SCREEN-ST-05,UI031-VIS-SCREEN-ST-05,N/A,ST-05,RT-023,/rescue,ST-05,DESIGN,390x844,1.0,N/A,N/A,N/A,462:2009,N/A,ST-05 Empty Nearby Rescue appears exactly once in the v0.31 denominator and preserves its locked scope,output-evidence/ui-v031/UI-CC-2026-07-21-G4B/W3/post-write-v032-section.png,7C27ACB71E3FE54D02D56992701B02FD15EFD37EF9412786CE758060CB99D050,SCREEN_W3_DESIGN,PASS,N/A,N/A,N/A,N/A,N/A,rescue,2026-07-22T17:50:00+07:00,Codex deterministic evidence reconciliation; Product Owner G4B sign-off pending,screen-denominator;classification=STATE_REFERENCE;source_node=442:1793;proof_id=W3-CAN-ST-05-390x844;w3_matrix_sha256=D9F295525E261D797823F06E872472C0CAB2C2F599F57AB8A74126F1B8D3468A;w3_audit_sha256=5D5DBCB8C12C1768A174B299DE5E4FE818C80B6989C23D3453473698172BAB0F;execution_overlay=docs/qa/ui-v031/ui_v031_trace_execution_overlay.csv
UI031-TRACE-SCREEN-ST-06,UI031-VIS-SCREEN-ST-06,N/A,ST-06,RT-012,/vets/list,ST-06,DESIGN,390x844,1.0,N/A,N/A,N/A,462:2062,N/A,ST-06 Vet Search No Results appears exactly once in the v0.31 denominator and preserves its locked scope,output-evidence/ui-v031/UI-CC-2026-07-21-G4B/W3/post-write-v032-section.png,7C27ACB71E3FE54D02D56992701B02FD15EFD37EF9412786CE758060CB99D050,SCREEN_W3_DESIGN,PASS,N/A,N/A,N/A,N/A,N/A,vets,2026-07-22T17:50:00+07:00,Codex deterministic evidence reconciliation; Product Owner G4B sign-off pending,screen-denominator;classification=STATE_REFERENCE;source_node=442:1839;proof_id=W3-CAN-ST-06-390x844;w3_matrix_sha256=D9F295525E261D797823F06E872472C0CAB2C2F599F57AB8A74126F1B8D3468A;w3_audit_sha256=5D5DBCB8C12C1768A174B299DE5E4FE818C80B6989C23D3453473698172BAB0F;execution_overlay=docs/qa/ui-v031/ui_v031_trace_execution_overlay.csv
UI031-TRACE-SCREEN-ST-07,UI031-VIS-SCREEN-ST-07,N/A,ST-07,RT-003,/auth/login,ST-07,DESIGN,390x844,1.0,N/A,N/A,N/A,462:2114,N/A,ST-07 Login Success appears exactly once in the v0.31 denominator and preserves its locked scope,output-evidence/ui-v031/UI-CC-2026-07-21-G4B/W3/post-write-v032-section.png,7C27ACB71E3FE54D02D56992701B02FD15EFD37EF9412786CE758060CB99D050,SCREEN_W3_DESIGN,PASS,N/A,N/A,N/A,N/A,N/A,auth,2026-07-22T17:50:00+07:00,Codex deterministic evidence reconciliation; Product Owner G4B sign-off pending,screen-denominator;classification=STATE_REFERENCE;source_node=442:1882;proof_id=W3-CAN-ST-07-390x844;w3_matrix_sha256=D9F295525E261D797823F06E872472C0CAB2C2F599F57AB8A74126F1B8D3468A;w3_audit_sha256=5D5DBCB8C12C1768A174B299DE5E4FE818C80B6989C23D3453473698172BAB0F;execution_overlay=docs/qa/ui-v031/ui_v031_trace_execution_overlay.csv
UI031-TRACE-SCREEN-ST-08,UI031-VIS-SCREEN-ST-08,N/A,ST-08,RT-003,/auth/login,ST-08,DESIGN,390x844,1.0,N/A,N/A,N/A,462:2121,N/A,ST-08 Login Failure appears exactly once in the v0.31 denominator and preserves its locked scope,output-evidence/ui-v031/UI-CC-2026-07-21-G4B/W3/post-write-v032-section.png,7C27ACB71E3FE54D02D56992701B02FD15EFD37EF9412786CE758060CB99D050,SCREEN_W3_DESIGN,PASS,N/A,N/A,N/A,N/A,N/A,auth,2026-07-22T17:50:00+07:00,Codex deterministic evidence reconciliation; Product Owner G4B sign-off pending,screen-denominator;classification=STATE_REFERENCE;source_node=442:1892;proof_id=W3-CAN-ST-08-390x844;w3_matrix_sha256=D9F295525E261D797823F06E872472C0CAB2C2F599F57AB8A74126F1B8D3468A;w3_audit_sha256=5D5DBCB8C12C1768A174B299DE5E4FE818C80B6989C23D3453473698172BAB0F;execution_overlay=docs/qa/ui-v031/ui_v031_trace_execution_overlay.csv
UI031-TRACE-SCREEN-ST-09,UI031-VIS-SCREEN-ST-09,N/A,ST-09,RT-004,/auth/register,ST-09,DESIGN,390x844,1.0,N/A,N/A,N/A,462:2148,N/A,ST-09 Register Success appears exactly once in the v0.31 denominator and preserves its locked scope,output-evidence/ui-v031/UI-CC-2026-07-21-G4B/W3/post-write-v032-section.png,7C27ACB71E3FE54D02D56992701B02FD15EFD37EF9412786CE758060CB99D050,SCREEN_W3_DESIGN,PASS,N/A,N/A,N/A,N/A,N/A,auth,2026-07-22T17:50:00+07:00,Codex deterministic evidence reconciliation; Product Owner G4B sign-off pending,screen-denominator;classification=STATE_REFERENCE;source_node=442:1918;proof_id=W3-CAN-ST-09-390x844;w3_matrix_sha256=D9F295525E261D797823F06E872472C0CAB2C2F599F57AB8A74126F1B8D3468A;w3_audit_sha256=5D5DBCB8C12C1768A174B299DE5E4FE818C80B6989C23D3453473698172BAB0F;execution_overlay=docs/qa/ui-v031/ui_v031_trace_execution_overlay.csv
UI031-TRACE-SCREEN-ST-10,UI031-VIS-SCREEN-ST-10,N/A,ST-10,RT-004,/auth/register,ST-10,DESIGN,390x844,1.0,N/A,N/A,N/A,462:2168,N/A,ST-10 Register Failure appears exactly once in the v0.31 denominator and preserves its locked scope,output-evidence/ui-v031/UI-CC-2026-07-21-G4B/W3/post-write-v032-section.png,7C27ACB71E3FE54D02D56992701B02FD15EFD37EF9412786CE758060CB99D050,SCREEN_W3_DESIGN,PASS,N/A,N/A,N/A,N/A,N/A,auth,2026-07-22T17:50:00+07:00,Codex deterministic evidence reconciliation; Product Owner G4B sign-off pending,screen-denominator;classification=STATE_REFERENCE;source_node=442:1936;proof_id=W3-CAN-ST-10-390x844;w3_matrix_sha256=D9F295525E261D797823F06E872472C0CAB2C2F599F57AB8A74126F1B8D3468A;w3_audit_sha256=5D5DBCB8C12C1768A174B299DE5E4FE818C80B6989C23D3453473698172BAB0F;execution_overlay=docs/qa/ui-v031/ui_v031_trace_execution_overlay.csv
UI031-TRACE-SCREEN-ST-11,UI031-VIS-SCREEN-ST-11,N/A,ST-11,N/A,N/A,ST-11,DESIGN,390x844,1.0,N/A,N/A,N/A,462:2203,N/A,ST-11 Save Update Success appears exactly once in the v0.31 denominator and preserves its locked scope,output-evidence/ui-v031/UI-CC-2026-07-21-G4B/W3/post-write-v032-section.png,7C27ACB71E3FE54D02D56992701B02FD15EFD37EF9412786CE758060CB99D050,SCREEN_W3_DESIGN,PASS,N/A,N/A,N/A,N/A,N/A,cross-module,2026-07-22T17:50:00+07:00,Codex deterministic evidence reconciliation; Product Owner G4B sign-off pending,screen-denominator;classification=STATE_REFERENCE;source_node=442:1969;proof_id=W3-CAN-ST-11-390x844;w3_matrix_sha256=D9F295525E261D797823F06E872472C0CAB2C2F599F57AB8A74126F1B8D3468A;w3_audit_sha256=5D5DBCB8C12C1768A174B299DE5E4FE818C80B6989C23D3453473698172BAB0F;execution_overlay=docs/qa/ui-v031/ui_v031_trace_execution_overlay.csv
UI031-TRACE-SCREEN-ST-12,UI031-VIS-SCREEN-ST-12,N/A,ST-12,N/A,N/A,ST-12,DESIGN,390x844,1.0,N/A,N/A,N/A,462:2259,N/A,ST-12 Save Update Failure appears exactly once in the v0.31 denominator and preserves its locked scope,output-evidence/ui-v031/UI-CC-2026-07-21-G4B/W3/post-write-v032-section.png,7C27ACB71E3FE54D02D56992701B02FD15EFD37EF9412786CE758060CB99D050,SCREEN_W3_DESIGN,PASS,N/A,N/A,N/A,N/A,N/A,cross-module,2026-07-22T17:50:00+07:00,Codex deterministic evidence reconciliation; Product Owner G4B sign-off pending,screen-denominator;classification=STATE_REFERENCE;source_node=442:2015;proof_id=W3-CAN-ST-12-390x844;w3_matrix_sha256=D9F295525E261D797823F06E872472C0CAB2C2F599F57AB8A74126F1B8D3468A;w3_audit_sha256=5D5DBCB8C12C1768A174B299DE5E4FE818C80B6989C23D3453473698172BAB0F;execution_overlay=docs/qa/ui-v031/ui_v031_trace_execution_overlay.csv
UI031-TRACE-SCREEN-ST-13,UI031-VIS-SCREEN-ST-13,N/A,ST-13,N/A,/rescue/drafts/:draftId/details,ST-13,DESIGN,390x844,1.0,N/A,N/A,N/A,462:2306,N/A,ST-13 Lost Alert Submit Failure appears exactly once in the v0.31 denominator and preserves its locked scope,output-evidence/ui-v031/UI-CC-2026-07-21-G4B/W3/post-write-v032-section.png,7C27ACB71E3FE54D02D56992701B02FD15EFD37EF9412786CE758060CB99D050,SCREEN_W3_DESIGN,PASS,N/A,N/A,N/A,N/A,N/A,rescue,2026-07-22T17:50:00+07:00,Codex deterministic evidence reconciliation; Product Owner G4B sign-off pending,screen-denominator;classification=STATE_REFERENCE;source_node=442:2054;proof_id=W3-CAN-ST-13-390x844;w3_matrix_sha256=D9F295525E261D797823F06E872472C0CAB2C2F599F57AB8A74126F1B8D3468A;w3_audit_sha256=5D5DBCB8C12C1768A174B299DE5E4FE818C80B6989C23D3453473698172BAB0F;execution_overlay=docs/qa/ui-v031/ui_v031_trace_execution_overlay.csv
UI031-TRACE-SCREEN-ST-14,UI031-VIS-SCREEN-ST-14,N/A,ST-14,RT-032,proposed:/adoption/requests/new,ST-14,DESIGN,390x844,1.0,N/A,N/A,N/A,462:2346,N/A,ST-14 Adoption Request Submitted appears exactly once in the v0.31 denominator and preserves its locked scope,output-evidence/ui-v031/UI-CC-2026-07-21-G4B/W3/post-write-v032-section.png,7C27ACB71E3FE54D02D56992701B02FD15EFD37EF9412786CE758060CB99D050,SCREEN_W3_DESIGN,PASS,N/A,N/A,N/A,N/A,N/A,adoption,2026-07-22T17:50:00+07:00,Codex deterministic evidence reconciliation; Product Owner G4B sign-off pending,screen-denominator;classification=STATE_REFERENCE;source_node=442:2092;proof_id=W3-CAN-ST-14-390x844;w3_matrix_sha256=D9F295525E261D797823F06E872472C0CAB2C2F599F57AB8A74126F1B8D3468A;w3_audit_sha256=5D5DBCB8C12C1768A174B299DE5E4FE818C80B6989C23D3453473698172BAB0F;execution_overlay=docs/qa/ui-v031/ui_v031_trace_execution_overlay.csv
UI031-TRACE-SCREEN-ST-15,UI031-VIS-SCREEN-ST-15,N/A,ST-15,RT-011,/vets/map | /rescue/map,ST-15,DESIGN,390x844,1.0,N/A,N/A,N/A,462:2371,N/A,ST-15 Location Permission Needed appears exactly once in the v0.31 denominator and preserves its locked scope,output-evidence/ui-v031/UI-CC-2026-07-21-G4B/W3/post-write-v032-section.png,7C27ACB71E3FE54D02D56992701B02FD15EFD37EF9412786CE758060CB99D050,SCREEN_W3_DESIGN,PASS,N/A,N/A,N/A,N/A,N/A,cross-module,2026-07-22T17:50:00+07:00,Codex deterministic evidence reconciliation; Product Owner G4B sign-off pending,screen-denominator;classification=STATE_REFERENCE;source_node=442:2117;proof_id=W3-CAN-ST-15-390x844;w3_matrix_sha256=D9F295525E261D797823F06E872472C0CAB2C2F599F57AB8A74126F1B8D3468A;w3_audit_sha256=5D5DBCB8C12C1768A174B299DE5E4FE818C80B6989C23D3453473698172BAB0F;execution_overlay=docs/qa/ui-v031/ui_v031_trace_execution_overlay.csv
UI031-TRACE-SCREEN-ST-16,UI031-VIS-SCREEN-ST-16,N/A,ST-16,N/A,N/A,ST-16,DESIGN,390x844,1.0,N/A,N/A,N/A,462:2412,N/A,ST-16 Media Upload Failure appears exactly once in the v0.31 denominator and preserves its locked scope,output-evidence/ui-v031/UI-CC-2026-07-21-G4B/W3/post-write-v032-section.png,7C27ACB71E3FE54D02D56992701B02FD15EFD37EF9412786CE758060CB99D050,SCREEN_W3_DESIGN,PASS,N/A,N/A,N/A,N/A,N/A,cross-module,2026-07-22T17:50:00+07:00,Codex deterministic evidence reconciliation; Product Owner G4B sign-off pending,screen-denominator;classification=STATE_REFERENCE;source_node=442:2150;proof_id=W3-CAN-ST-16-390x844;w3_matrix_sha256=D9F295525E261D797823F06E872472C0CAB2C2F599F57AB8A74126F1B8D3468A;w3_audit_sha256=5D5DBCB8C12C1768A174B299DE5E4FE818C80B6989C23D3453473698172BAB0F;execution_overlay=docs/qa/ui-v031/ui_v031_trace_execution_overlay.csv
UI031-TRACE-SCREEN-ST-17,UI031-VIS-SCREEN-ST-17,N/A,ST-17,RT-005,/auth/otp,ST-17,DESIGN,390x844,1.0,N/A,N/A,N/A,462:2464,N/A,ST-17 OTP Expired appears exactly once in the v0.31 denominator and preserves its locked scope,output-evidence/ui-v031/UI-CC-2026-07-21-G4B/W3/post-write-v032-section.png,7C27ACB71E3FE54D02D56992701B02FD15EFD37EF9412786CE758060CB99D050,SCREEN_W3_DESIGN,PASS,N/A,N/A,N/A,N/A,N/A,auth,2026-07-22T17:50:00+07:00,Codex deterministic evidence reconciliation; Product Owner G4B sign-off pending,screen-denominator;classification=STATE_REFERENCE;source_node=442:2194;proof_id=W3-CAN-ST-17-390x844;w3_matrix_sha256=D9F295525E261D797823F06E872472C0CAB2C2F599F57AB8A74126F1B8D3468A;w3_audit_sha256=5D5DBCB8C12C1768A174B299DE5E4FE818C80B6989C23D3453473698172BAB0F;execution_overlay=docs/qa/ui-v031/ui_v031_trace_execution_overlay.csv
UI031-TRACE-SCREEN-ST-18,UI031-VIS-SCREEN-ST-18,N/A,ST-18,N/A,/rescue/cases/:caseId/comment,ST-18,DESIGN,390x844,1.0,N/A,N/A,N/A,462:2492,N/A,ST-18 Comment Send Failure appears exactly once in the v0.31 denominator and preserves its locked scope,output-evidence/ui-v031/UI-CC-2026-07-21-G4B/W3/post-write-v032-section.png,7C27ACB71E3FE54D02D56992701B02FD15EFD37EF9412786CE758060CB99D050,SCREEN_W3_DESIGN,PASS,N/A,N/A,N/A,N/A,N/A,rescue,2026-07-22T17:50:00+07:00,Codex deterministic evidence reconciliation; Product Owner G4B sign-off pending,screen-denominator;classification=STATE_REFERENCE;source_node=442:2223;proof_id=W3-CAN-ST-18-390x844;w3_matrix_sha256=D9F295525E261D797823F06E872472C0CAB2C2F599F57AB8A74126F1B8D3468A;w3_audit_sha256=5D5DBCB8C12C1768A174B299DE5E4FE818C80B6989C23D3453473698172BAB0F;execution_overlay=docs/qa/ui-v031/ui_v031_trace_execution_overlay.csv
UI031-TRACE-SCREEN-ST-19,UI031-VIS-SCREEN-ST-19,N/A,ST-19,RT-032,proposed:/adoption/requests/new,ST-19,DESIGN,390x844,1.0,N/A,N/A,N/A,462:2544,N/A,ST-19 Adoption Request Failure appears exactly once in the v0.31 denominator and preserves its locked scope,output-evidence/ui-v031/UI-CC-2026-07-21-G4B/W3/post-write-v032-section.png,7C27ACB71E3FE54D02D56992701B02FD15EFD37EF9412786CE758060CB99D050,SCREEN_W3_DESIGN,PASS,N/A,N/A,N/A,N/A,N/A,adoption,2026-07-22T17:50:00+07:00,Codex deterministic evidence reconciliation; Product Owner G4B sign-off pending,screen-denominator;classification=STATE_REFERENCE;source_node=442:2269;proof_id=W3-CAN-ST-19-390x844;w3_matrix_sha256=D9F295525E261D797823F06E872472C0CAB2C2F599F57AB8A74126F1B8D3468A;w3_audit_sha256=5D5DBCB8C12C1768A174B299DE5E4FE818C80B6989C23D3453473698172BAB0F;execution_overlay=docs/qa/ui-v031/ui_v031_trace_execution_overlay.csv
UI031-TRACE-SCREEN-ST-20,UI031-VIS-SCREEN-ST-20,N/A,ST-20,RT-034,proposed:/adoption/requests,ST-20,DESIGN,390x844,1.0,N/A,N/A,N/A,462:2581,N/A,ST-20 Empty My Adoption Requests appears exactly once in the v0.31 denominator and preserves its locked scope,output-evidence/ui-v031/UI-CC-2026-07-21-G4B/W3/post-write-v032-section.png,7C27ACB71E3FE54D02D56992701B02FD15EFD37EF9412786CE758060CB99D050,SCREEN_W3_DESIGN,PASS,N/A,N/A,N/A,N/A,N/A,adoption,2026-07-22T17:50:00+07:00,Codex deterministic evidence reconciliation; Product Owner G4B sign-off pending,screen-denominator;classification=STATE_REFERENCE;source_node=442:2302;proof_id=W3-CAN-ST-20-390x844;w3_matrix_sha256=D9F295525E261D797823F06E872472C0CAB2C2F599F57AB8A74126F1B8D3468A;w3_audit_sha256=5D5DBCB8C12C1768A174B299DE5E4FE818C80B6989C23D3453473698172BAB0F;execution_overlay=docs/qa/ui-v031/ui_v031_trace_execution_overlay.csv
UI031-TRACE-SCREEN-ST-21,UI031-VIS-SCREEN-ST-21,N/A,ST-21,RT-033,proposed:/adoption/requests/:id/chat,ST-21,DESIGN,390x844,1.0,N/A,N/A,N/A,462:2615,N/A,ST-21 Chat Send Failure appears exactly once in the v0.31 denominator and preserves its locked scope,output-evidence/ui-v031/UI-CC-2026-07-21-G4B/W3/post-write-v032-section.png,7C27ACB71E3FE54D02D56992701B02FD15EFD37EF9412786CE758060CB99D050,SCREEN_W3_DESIGN,PASS,N/A,N/A,N/A,N/A,N/A,adoption,2026-07-22T17:50:00+07:00,Codex deterministic evidence reconciliation; Product Owner G4B sign-off pending,screen-denominator;classification=STATE_REFERENCE;source_node=442:2334;proof_id=W3-CAN-ST-21-390x844;w3_matrix_sha256=D9F295525E261D797823F06E872472C0CAB2C2F599F57AB8A74126F1B8D3468A;w3_audit_sha256=5D5DBCB8C12C1768A174B299DE5E4FE818C80B6989C23D3453473698172BAB0F;execution_overlay=docs/qa/ui-v031/ui_v031_trace_execution_overlay.csv
UI031-TRACE-SCREEN-ST-22,UI031-VIS-SCREEN-ST-22,N/A,ST-22,N/A,/rescue/cases/:caseId/status,ST-22,DESIGN,390x844,1.0,N/A,N/A,N/A,462:2636,N/A,ST-22 Status Update Success appears exactly once in the v0.31 denominator and preserves its locked scope,output-evidence/ui-v031/UI-CC-2026-07-21-G4B/W3/post-write-v032-section.png,7C27ACB71E3FE54D02D56992701B02FD15EFD37EF9412786CE758060CB99D050,SCREEN_W3_DESIGN,PASS,N/A,N/A,N/A,N/A,N/A,rescue,2026-07-22T17:50:00+07:00,Codex deterministic evidence reconciliation; Product Owner G4B sign-off pending,screen-denominator;classification=STATE_REFERENCE;source_node=442:2356;proof_id=W3-CAN-ST-22-390x844;w3_matrix_sha256=D9F295525E261D797823F06E872472C0CAB2C2F599F57AB8A74126F1B8D3468A;w3_audit_sha256=5D5DBCB8C12C1768A174B299DE5E4FE818C80B6989C23D3453473698172BAB0F;execution_overlay=docs/qa/ui-v031/ui_v031_trace_execution_overlay.csv
UI031-TRACE-SCREEN-ST-23,UI031-VIS-SCREEN-ST-23,N/A,ST-23,RT-011,/vets/map | /rescue/map,ST-23,DESIGN,390x844,1.0,N/A,N/A,N/A,462:2679,N/A,ST-23 Map Service Unavailable appears exactly once in the v0.31 denominator and preserves its locked scope,output-evidence/ui-v031/UI-CC-2026-07-21-G4B/W3/post-write-v032-section.png,7C27ACB71E3FE54D02D56992701B02FD15EFD37EF9412786CE758060CB99D050,SCREEN_W3_DESIGN,PASS,N/A,N/A,N/A,N/A,N/A,cross-module,2026-07-22T17:50:00+07:00,Codex deterministic evidence reconciliation; Product Owner G4B sign-off pending,screen-denominator;classification=STATE_REFERENCE;source_node=442:2393;proof_id=W3-CAN-ST-23-390x844;w3_matrix_sha256=D9F295525E261D797823F06E872472C0CAB2C2F599F57AB8A74126F1B8D3468A;w3_audit_sha256=5D5DBCB8C12C1768A174B299DE5E4FE818C80B6989C23D3453473698172BAB0F;execution_overlay=docs/qa/ui-v031/ui_v031_trace_execution_overlay.csv
UI031-TRACE-SCREEN-ST-24,UI031-VIS-SCREEN-ST-24,N/A,ST-24,RT-017,/notifications,ST-24,DESIGN,390x844,1.0,N/A,N/A,N/A,462:2753,N/A,ST-24 Empty Notifications appears exactly once in the v0.31 denominator and preserves its locked scope,output-evidence/ui-v031/UI-CC-2026-07-21-G4B/W3/post-write-v032-section.png,7C27ACB71E3FE54D02D56992701B02FD15EFD37EF9412786CE758060CB99D050,SCREEN_W3_DESIGN,PASS,N/A,N/A,N/A,N/A,N/A,notifications,2026-07-22T17:50:00+07:00,Codex deterministic evidence reconciliation; Product Owner G4B sign-off pending,screen-denominator;classification=STATE_REFERENCE;source_node=442:2455;proof_id=W3-CAN-ST-24-390x844;w3_matrix_sha256=D9F295525E261D797823F06E872472C0CAB2C2F599F57AB8A74126F1B8D3468A;w3_audit_sha256=5D5DBCB8C12C1768A174B299DE5E4FE818C80B6989C23D3453473698172BAB0F;execution_overlay=docs/qa/ui-v031/ui_v031_trace_execution_overlay.csv
UI031-TRACE-ROUTE-RT-001,UI031-NAV-RT-001,N/A,P1-01,RT-001,/launch,N/A,BOTH,390x844,1.0,mobile/test/app/router/app_router_contract_test.dart,N/A,N/A,442:6,N/A,Launch resolves onboarding or authenticated entry without entering a shell branch,output-evidence/ui-v031/UI-CC-2026-07-21-G4B/W5/trace-row-reconciliation-20260722/route-trace-9-files-108-pass.raw.txt,381B7FD216DFC9A439B3772DB66C3095A38B96726F807B8473597D2FFB790579,ROUTE_FOCUSED_TEST,PASS,N/A,N/A,N/A,N/A,N/A,onboarding,2026-07-22T17:50:00+07:00,Codex deterministic evidence reconciliation; Product Owner G4B sign-off pending,route-denominator;record_type=ROUTE;current_state=LIVE_FLAT_ROUTE;proof_id=docs/qa/ui-v031/W5_ROUTE_TEST_TRACEABILITY.csv#RT-001;verified_contract=Launch remains a public root route;execution_overlay=docs/qa/ui-v031/ui_v031_trace_execution_overlay.csv
UI031-TRACE-ROUTE-RT-002,UI031-NAV-RT-002,N/A,P1-01,RT-002,/onboarding,N/A,BOTH,390x844,1.0,mobile/test/app/router/app_router_contract_test.dart,N/A,N/A,442:6,N/A,Onboarding remains root-level and preserves the local pet draft across auth navigation,output-evidence/ui-v031/UI-CC-2026-07-21-G4B/W5/trace-row-reconciliation-20260722/route-trace-9-files-108-pass.raw.txt,381B7FD216DFC9A439B3772DB66C3095A38B96726F807B8473597D2FFB790579,ROUTE_FOCUSED_TEST,PASS,N/A,N/A,N/A,N/A,N/A,onboarding,2026-07-22T17:50:00+07:00,Codex deterministic evidence reconciliation; Product Owner G4B sign-off pending,route-denominator;record_type=ROUTE;current_state=LIVE_FLAT_ROUTE;proof_id=docs/qa/ui-v031/W5_ROUTE_TEST_TRACEABILITY.csv#RT-002;verified_contract=Onboarding remains a public root route and draft flow is retained;execution_overlay=docs/qa/ui-v031/ui_v031_trace_execution_overlay.csv
UI031-TRACE-ROUTE-RT-003,UI031-NAV-RT-003,N/A,P1-02,RT-003,/auth/login,N/A,BOTH,390x844,1.0,mobile/test/app/router/app_router_contract_test.dart;mobile/test/features/auth/auth_return_route_test.dart,N/A,N/A,442:23,N/A,Login accepts only a safe returnTo and reaches the requested protected destination after authentication,output-evidence/ui-v031/UI-CC-2026-07-21-G4B/W5/trace-row-reconciliation-20260722/route-trace-9-files-108-pass.raw.txt,381B7FD216DFC9A439B3772DB66C3095A38B96726F807B8473597D2FFB790579,ROUTE_FOCUSED_TEST,PASS,N/A,N/A,N/A,N/A,N/A,auth,2026-07-22T17:50:00+07:00,Codex deterministic evidence reconciliation; Product Owner G4B sign-off pending,route-denominator;record_type=ROUTE;current_state=LIVE_FLAT_ROUTE;proof_id=docs/qa/ui-v031/W5_ROUTE_TEST_TRACEABILITY.csv#RT-003;verified_contract=Login query and safe returnTo are retained;execution_overlay=docs/qa/ui-v031/ui_v031_trace_execution_overlay.csv
UI031-TRACE-ROUTE-RT-004,UI031-NAV-RT-004,N/A,P1-03,RT-004,/auth/register,N/A,BOTH,390x844,1.0,mobile/test/app/router/app_router_contract_test.dart,N/A,N/A,442:47,N/A,Register preserves safe returnTo and sends a successful registration to OTP,output-evidence/ui-v031/UI-CC-2026-07-21-G4B/W5/trace-row-reconciliation-20260722/route-trace-9-files-108-pass.raw.txt,381B7FD216DFC9A439B3772DB66C3095A38B96726F807B8473597D2FFB790579,ROUTE_FOCUSED_TEST,PASS,N/A,N/A,N/A,N/A,N/A,auth,2026-07-22T17:50:00+07:00,Codex deterministic evidence reconciliation; Product Owner G4B sign-off pending,route-denominator;record_type=ROUTE;current_state=LIVE_FLAT_ROUTE;proof_id=docs/qa/ui-v031/W5_ROUTE_TEST_TRACEABILITY.csv#RT-004;verified_contract=Register query and safe returnTo are retained;execution_overlay=docs/qa/ui-v031/ui_v031_trace_execution_overlay.csv
UI031-TRACE-ROUTE-RT-005,UI031-NAV-RT-005,N/A,P1-04,RT-005,/auth/otp,N/A,BOTH,390x844,1.0,mobile/test/app/router/app_router_contract_test.dart,N/A,N/A,442:73,N/A,OTP preserves expiry resend and safe returnTo parameters then restores the authenticated destination,output-evidence/ui-v031/UI-CC-2026-07-21-G4B/W5/trace-row-reconciliation-20260722/route-trace-9-files-108-pass.raw.txt,381B7FD216DFC9A439B3772DB66C3095A38B96726F807B8473597D2FFB790579,ROUTE_FOCUSED_TEST,PASS,N/A,N/A,N/A,N/A,N/A,auth,2026-07-22T17:50:00+07:00,Codex deterministic evidence reconciliation; Product Owner G4B sign-off pending,route-denominator;record_type=ROUTE;current_state=LIVE_FLAT_ROUTE;proof_id=docs/qa/ui-v031/W5_ROUTE_TEST_TRACEABILITY.csv#RT-005;verified_contract=OTP timestamps and safe returnTo are retained;execution_overlay=docs/qa/ui-v031/ui_v031_trace_execution_overlay.csv
UI031-TRACE-ROUTE-RT-006,UI031-NAV-RT-006,N/A,P1-07,RT-006,/pets,N/A,BOTH,390x844,1.0,mobile/test/app/router/stateful_shell_navigation_test.dart,N/A,N/A,442:198,N/A,Home is the HOME branch root and retains branch state when another tab is selected,output-evidence/ui-v031/UI-CC-2026-07-21-G4B/W5/trace-row-reconciliation-20260722/route-trace-9-files-108-pass.raw.txt,381B7FD216DFC9A439B3772DB66C3095A38B96726F807B8473597D2FFB790579,ROUTE_FOCUSED_TEST,PASS,N/A,N/A,N/A,N/A,N/A,pets,2026-07-22T17:50:00+07:00,Codex deterministic evidence reconciliation; Product Owner G4B sign-off pending,route-denominator;record_type=ROUTE;current_state=LIVE_FLAT_ROUTE;proof_id=docs/qa/ui-v031/W5_ROUTE_TEST_TRACEABILITY.csv#RT-006;verified_contract=Home is branch 0 and retains state;execution_overlay=docs/qa/ui-v031/ui_v031_trace_execution_overlay.csv
UI031-TRACE-ROUTE-RT-007,UI031-NAV-RT-007,N/A,P1-05,RT-007,/pets/list,N/A,BOTH,390x844,1.0,mobile/test/app/router/stateful_shell_navigation_test.dart,N/A,N/A,442:102,N/A,Pet list is a HOME child and returns to the HOME root on branch reselect,output-evidence/ui-v031/UI-CC-2026-07-21-G4B/W5/trace-row-reconciliation-20260722/route-trace-9-files-108-pass.raw.txt,381B7FD216DFC9A439B3772DB66C3095A38B96726F807B8473597D2FFB790579,ROUTE_FOCUSED_TEST,PASS,N/A,N/A,N/A,N/A,N/A,pets,2026-07-22T17:50:00+07:00,Codex deterministic evidence reconciliation; Product Owner G4B sign-off pending,route-denominator;record_type=ROUTE;current_state=LIVE_FLAT_ROUTE;proof_id=docs/qa/ui-v031/W5_ROUTE_TEST_TRACEABILITY.csv#RT-007;verified_contract=Home child restores and reselects to root;execution_overlay=docs/qa/ui-v031/ui_v031_trace_execution_overlay.csv
UI031-TRACE-ROUTE-RT-008,UI031-NAV-RT-008,N/A,P1-06,RT-008,/pets/create,N/A,BOTH,390x844,1.0,mobile/test/app/router/app_router_contract_test.dart;mobile/test/app/router/app_route_registry_test.dart,N/A,N/A,442:151,N/A,Pet create opens above the shell and returns only to an allowlisted route,output-evidence/ui-v031/UI-CC-2026-07-21-G4B/W5/trace-row-reconciliation-20260722/route-trace-9-files-108-pass.raw.txt,381B7FD216DFC9A439B3772DB66C3095A38B96726F807B8473597D2FFB790579,ROUTE_FOCUSED_TEST,PASS,N/A,N/A,N/A,N/A,N/A,pets,2026-07-22T17:50:00+07:00,Codex deterministic evidence reconciliation; Product Owner G4B sign-off pending,route-denominator;record_type=ROUTE;current_state=LIVE_FLAT_ROUTE;proof_id=docs/qa/ui-v031/W5_ROUTE_TEST_TRACEABILITY.csv#RT-008;verified_contract=Pet create is a root pushed route with allowlisted returnTo;execution_overlay=docs/qa/ui-v031/ui_v031_trace_execution_overlay.csv
UI031-TRACE-ROUTE-RT-009,UI031-NAV-RT-009,N/A,P1-06,RT-009,/pets/:id/edit,N/A,BOTH,390x844,1.0,mobile/test/app/router/app_router_contract_test.dart;mobile/test/app/router/app_route_registry_test.dart,N/A,N/A,442:151,N/A,Pet edit opens above the shell and preserves a safe returnTo,output-evidence/ui-v031/UI-CC-2026-07-21-G4B/W5/trace-row-reconciliation-20260722/route-trace-9-files-108-pass.raw.txt,381B7FD216DFC9A439B3772DB66C3095A38B96726F807B8473597D2FFB790579,ROUTE_FOCUSED_TEST,PASS,N/A,N/A,N/A,N/A,N/A,pets,2026-07-22T17:50:00+07:00,Codex deterministic evidence reconciliation; Product Owner G4B sign-off pending,route-denominator;record_type=ROUTE;current_state=LIVE_FLAT_ROUTE;proof_id=docs/qa/ui-v031/W5_ROUTE_TEST_TRACEABILITY.csv#RT-009;verified_contract=Pet edit is a root pushed route with allowlisted returnTo;execution_overlay=docs/qa/ui-v031/ui_v031_trace_execution_overlay.csv
UI031-TRACE-ROUTE-RT-010,UI031-NAV-RT-010,N/A,P1-05,RT-010,/pets/:id,N/A,BOTH,390x844,1.0,mobile/test/app/router/app_router_contract_test.dart,N/A,N/A,442:102,N/A,Pet detail opens above the shell and back restores the originating branch,output-evidence/ui-v031/UI-CC-2026-07-21-G4B/W5/trace-row-reconciliation-20260722/route-trace-9-files-108-pass.raw.txt,381B7FD216DFC9A439B3772DB66C3095A38B96726F807B8473597D2FFB790579,ROUTE_FOCUSED_TEST,PASS,N/A,N/A,N/A,N/A,N/A,pets,2026-07-22T17:50:00+07:00,Codex deterministic evidence reconciliation; Product Owner G4B sign-off pending,route-denominator;record_type=ROUTE;current_state=LIVE_FLAT_ROUTE;proof_id=docs/qa/ui-v031/W5_ROUTE_TEST_TRACEABILITY.csv#RT-010;verified_contract=Pet detail is a root pushed route;execution_overlay=docs/qa/ui-v031/ui_v031_trace_execution_overlay.csv
UI031-TRACE-ROUTE-RT-011,UI031-NAV-RT-011,N/A,P1-08,RT-011,/vets/map,N/A,BOTH,390x844,1.0,mobile/test/app/router/stateful_shell_navigation_test.dart;mobile/test/features/vets/vet_map_screen_test.dart,N/A,N/A,442:275,N/A,Vet map is the VET branch root and retains map filter and sheet state,output-evidence/ui-v031/UI-CC-2026-07-21-G4B/W5/trace-row-reconciliation-20260722/route-trace-9-files-108-pass.raw.txt,381B7FD216DFC9A439B3772DB66C3095A38B96726F807B8473597D2FFB790579,ROUTE_FOCUSED_TEST,PASS,N/A,N/A,N/A,N/A,N/A,vets,2026-07-22T17:50:00+07:00,Codex deterministic evidence reconciliation; Product Owner G4B sign-off pending,route-denominator;record_type=ROUTE;current_state=LIVE_FLAT_ROUTE;proof_id=docs/qa/ui-v031/W5_ROUTE_TEST_TRACEABILITY.csv#RT-011;verified_contract=Vet map is branch 1 root;execution_overlay=docs/qa/ui-v031/ui_v031_trace_execution_overlay.csv
UI031-TRACE-ROUTE-RT-012,UI031-NAV-RT-012,N/A,P1-09,RT-012,/vets/list,N/A,BOTH,390x844,1.0,mobile/test/app/router/app_router_contract_test.dart,N/A,N/A,442:357,N/A,Vet list is a VET child and back or reselect returns to /vets/map with state preserved,output-evidence/ui-v031/UI-CC-2026-07-21-G4B/W5/trace-row-reconciliation-20260722/route-trace-9-files-108-pass.raw.txt,381B7FD216DFC9A439B3772DB66C3095A38B96726F807B8473597D2FFB790579,ROUTE_FOCUSED_TEST,PASS,N/A,N/A,N/A,N/A,N/A,vets,2026-07-22T17:50:00+07:00,Codex deterministic evidence reconciliation; Product Owner G4B sign-off pending,route-denominator;record_type=ROUTE;current_state=LIVE_FLAT_ROUTE;proof_id=docs/qa/ui-v031/W5_ROUTE_TEST_TRACEABILITY.csv#RT-012;verified_contract=Vet list is retained inside branch 1;execution_overlay=docs/qa/ui-v031/ui_v031_trace_execution_overlay.csv
UI031-TRACE-ROUTE-RT-013,UI031-NAV-RT-013,N/A,P1-10,RT-013,/vets/:id,N/A,BOTH,390x844,1.0,mobile/test/app/router/app_router_contract_test.dart;mobile/test/features/vets/vet_detail_navigation_test.dart,N/A,N/A,442:430,N/A,Vet detail opens above the shell and defaults its safe return path to /vets/list,output-evidence/ui-v031/UI-CC-2026-07-21-G4B/W5/trace-row-reconciliation-20260722/route-trace-9-files-108-pass.raw.txt,381B7FD216DFC9A439B3772DB66C3095A38B96726F807B8473597D2FFB790579,ROUTE_FOCUSED_TEST,PASS,N/A,N/A,N/A,N/A,N/A,vets,2026-07-22T17:50:00+07:00,Codex deterministic evidence reconciliation; Product Owner G4B sign-off pending,route-denominator;record_type=ROUTE;current_state=LIVE_FLAT_ROUTE;proof_id=docs/qa/ui-v031/W5_ROUTE_TEST_TRACEABILITY.csv#RT-013;verified_contract=Vet detail uses a safe caller return;execution_overlay=docs/qa/ui-v031/ui_v031_trace_execution_overlay.csv
UI031-TRACE-ROUTE-RT-014,UI031-NAV-RT-014,N/A,P1-12,RT-014,/health,N/A,BOTH,390x844,1.0,mobile/test/app/router/stateful_shell_navigation_test.dart,N/A,N/A,442:516,N/A,Health timeline is the HEALTH branch root and retains selected pet and scroll state,output-evidence/ui-v031/UI-CC-2026-07-21-G4B/W5/trace-row-reconciliation-20260722/route-trace-9-files-108-pass.raw.txt,381B7FD216DFC9A439B3772DB66C3095A38B96726F807B8473597D2FFB790579,ROUTE_FOCUSED_TEST,PASS,N/A,N/A,N/A,N/A,N/A,health,2026-07-22T17:50:00+07:00,Codex deterministic evidence reconciliation; Product Owner G4B sign-off pending,route-denominator;record_type=ROUTE;current_state=LIVE_FLAT_ROUTE;proof_id=docs/qa/ui-v031/W5_ROUTE_TEST_TRACEABILITY.csv#RT-014;verified_contract=Health is branch 2 root;execution_overlay=docs/qa/ui-v031/ui_v031_trace_execution_overlay.csv
UI031-TRACE-ROUTE-RT-015,UI031-NAV-RT-015,N/A,P1-13,RT-015,/health/events/new,N/A,BOTH,390x844,1.0,mobile/test/app/router/app_router_contract_test.dart,N/A,N/A,442:589,N/A,Add health event opens above the shell and returns to the originating health surface,output-evidence/ui-v031/UI-CC-2026-07-21-G4B/W5/trace-row-reconciliation-20260722/route-trace-9-files-108-pass.raw.txt,381B7FD216DFC9A439B3772DB66C3095A38B96726F807B8473597D2FFB790579,ROUTE_FOCUSED_TEST,PASS,N/A,N/A,N/A,N/A,N/A,health,2026-07-22T17:50:00+07:00,Codex deterministic evidence reconciliation; Product Owner G4B sign-off pending,route-denominator;record_type=ROUTE;current_state=LIVE_FLAT_ROUTE;proof_id=docs/qa/ui-v031/W5_ROUTE_TEST_TRACEABILITY.csv#RT-015;verified_contract=Health create is a root pushed route;execution_overlay=docs/qa/ui-v031/ui_v031_trace_execution_overlay.csv
UI031-TRACE-ROUTE-RT-016,UI031-NAV-RT-016,N/A,P1-14,RT-016,/health/reminders,N/A,BOTH,390x844,1.0,mobile/test/app/router/app_router_contract_test.dart,N/A,N/A,442:639,N/A,Reminder calendar is a HEALTH child and restores the timeline branch on back or reselect,output-evidence/ui-v031/UI-CC-2026-07-21-G4B/W5/trace-row-reconciliation-20260722/route-trace-9-files-108-pass.raw.txt,381B7FD216DFC9A439B3772DB66C3095A38B96726F807B8473597D2FFB790579,ROUTE_FOCUSED_TEST,PASS,N/A,N/A,N/A,N/A,N/A,reminders,2026-07-22T17:50:00+07:00,Codex deterministic evidence reconciliation; Product Owner G4B sign-off pending,route-denominator;record_type=ROUTE;current_state=LIVE_FLAT_ROUTE;proof_id=docs/qa/ui-v031/W5_ROUTE_TEST_TRACEABILITY.csv#RT-016;verified_contract=Reminder calendar remains a Health child;execution_overlay=docs/qa/ui-v031/ui_v031_trace_execution_overlay.csv
UI031-TRACE-ROUTE-RT-017,UI031-NAV-RT-017,N/A,P1-15,RT-017,/notifications,N/A,BOTH,390x844,1.0,mobile/test/app/router/app_router_contract_test.dart,N/A,N/A,442:732,N/A,Notification center belongs to PROFILE and preserves a safe returnTo from other entry points,output-evidence/ui-v031/UI-CC-2026-07-21-G4B/W5/trace-row-reconciliation-20260722/route-trace-9-files-108-pass.raw.txt,381B7FD216DFC9A439B3772DB66C3095A38B96726F807B8473597D2FFB790579,ROUTE_FOCUSED_TEST,PASS,N/A,N/A,N/A,N/A,N/A,notifications,2026-07-22T17:50:00+07:00,Codex deterministic evidence reconciliation; Product Owner G4B sign-off pending,route-denominator;record_type=ROUTE;current_state=LIVE_FLAT_ROUTE;proof_id=docs/qa/ui-v031/W5_ROUTE_TEST_TRACEABILITY.csv#RT-017;verified_contract=Notifications belong to Profile and validate returnTo;execution_overlay=docs/qa/ui-v031/ui_v031_trace_execution_overlay.csv
UI031-TRACE-ROUTE-RT-018,UI031-NAV-RT-018,N/A,P1-07,RT-018,/community,N/A,BOTH,390x844,1.0,mobile/test/app/router/app_router_contract_test.dart,N/A,N/A,442:198,N/A,Community remains an honest unavailable placeholder with no fabricated data,output-evidence/ui-v031/UI-CC-2026-07-21-G4B/W5/trace-row-reconciliation-20260722/route-trace-9-files-108-pass.raw.txt,381B7FD216DFC9A439B3772DB66C3095A38B96726F807B8473597D2FFB790579,ROUTE_FOCUSED_TEST,PASS,N/A,N/A,N/A,N/A,N/A,community,2026-07-22T17:50:00+07:00,Codex deterministic evidence reconciliation; Product Owner G4B sign-off pending,route-denominator;record_type=ROUTE;current_state=LIVE_PLACEHOLDER;proof_id=docs/qa/ui-v031/W5_ROUTE_TEST_TRACEABILITY.csv#RT-018;verified_contract=Community resolves to an honest unavailable screen;execution_overlay=docs/qa/ui-v031/ui_v031_trace_execution_overlay.csv
UI031-TRACE-ROUTE-RT-019,UI031-NAV-RT-019,N/A,P2-09,RT-019,/adoption,N/A,BOTH,390x844,1.0,mobile/test/app/router/app_router_contract_test.dart,N/A,N/A,442:1235,N/A,Adoption remains fail-closed as an honest placeholder and performs no adoption API calls,output-evidence/ui-v031/UI-CC-2026-07-21-G4B/W5/trace-row-reconciliation-20260722/route-trace-9-files-108-pass.raw.txt,381B7FD216DFC9A439B3772DB66C3095A38B96726F807B8473597D2FFB790579,ROUTE_FOCUSED_TEST,PASS,N/A,N/A,N/A,N/A,N/A,adoption,2026-07-22T17:50:00+07:00,Codex deterministic evidence reconciliation; Product Owner G4B sign-off pending,route-denominator;record_type=ROUTE;current_state=LIVE_PLACEHOLDER;proof_id=docs/qa/ui-v031/W5_ROUTE_TEST_TRACEABILITY.csv#RT-019;verified_contract=Adoption resolves to an honest unavailable screen in Home;execution_overlay=docs/qa/ui-v031/ui_v031_trace_execution_overlay.csv
UI031-TRACE-ROUTE-RT-020,UI031-NAV-RT-020,N/A,P2-16,RT-020,/profile/controls,N/A,BOTH,390x844,1.0,mobile/test/app/router/app_router_contract_test.dart,N/A,N/A,442:1567,N/A,Profile controls remains fail-closed and never pretends to persist settings,output-evidence/ui-v031/UI-CC-2026-07-21-G4B/W5/trace-row-reconciliation-20260722/route-trace-9-files-108-pass.raw.txt,381B7FD216DFC9A439B3772DB66C3095A38B96726F807B8473597D2FFB790579,ROUTE_FOCUSED_TEST,PASS,N/A,N/A,N/A,N/A,N/A,profile,2026-07-22T17:50:00+07:00,Codex deterministic evidence reconciliation; Product Owner G4B sign-off pending,route-denominator;record_type=ROUTE;current_state=LIVE_PLACEHOLDER;proof_id=docs/qa/ui-v031/W5_ROUTE_TEST_TRACEABILITY.csv#RT-020;verified_contract=Profile controls resolves to an honest unavailable child;execution_overlay=docs/qa/ui-v031/ui_v031_trace_execution_overlay.csv
UI031-TRACE-ROUTE-RT-021,UI031-NAV-RT-021,N/A,P2-15,RT-021,/profile/privacy,N/A,BOTH,390x844,1.0,mobile/test/app/router/app_router_contract_test.dart,N/A,N/A,442:1527,N/A,Privacy defaults remains fail-closed and never pretends to persist settings,output-evidence/ui-v031/UI-CC-2026-07-21-G4B/W5/trace-row-reconciliation-20260722/route-trace-9-files-108-pass.raw.txt,381B7FD216DFC9A439B3772DB66C3095A38B96726F807B8473597D2FFB790579,ROUTE_FOCUSED_TEST,PASS,N/A,N/A,N/A,N/A,N/A,profile,2026-07-22T17:50:00+07:00,Codex deterministic evidence reconciliation; Product Owner G4B sign-off pending,route-denominator;record_type=ROUTE;current_state=LIVE_PLACEHOLDER;proof_id=docs/qa/ui-v031/W5_ROUTE_TEST_TRACEABILITY.csv#RT-021;verified_contract=Privacy resolves to an honest unavailable child;execution_overlay=docs/qa/ui-v031/ui_v031_trace_execution_overlay.csv
UI031-TRACE-ROUTE-RT-022,UI031-NAV-RT-022,N/A,P1-16,RT-022,/profile,N/A,BOTH,390x844,1.0,mobile/test/app/router/stateful_shell_navigation_test.dart,N/A,N/A,442:792,N/A,Profile is the PROFILE branch root and retains account and pet summary state,output-evidence/ui-v031/UI-CC-2026-07-21-G4B/W5/trace-row-reconciliation-20260722/route-trace-9-files-108-pass.raw.txt,381B7FD216DFC9A439B3772DB66C3095A38B96726F807B8473597D2FFB790579,ROUTE_FOCUSED_TEST,PASS,N/A,N/A,N/A,N/A,N/A,profile,2026-07-22T17:50:00+07:00,Codex deterministic evidence reconciliation; Product Owner G4B sign-off pending,route-denominator;record_type=ROUTE;current_state=LIVE_FLAT_ROUTE;proof_id=docs/qa/ui-v031/W5_ROUTE_TEST_TRACEABILITY.csv#RT-022;verified_contract=Profile is branch 4 root;execution_overlay=docs/qa/ui-v031/ui_v031_trace_execution_overlay.csv
UI031-TRACE-ROUTE-RT-023,UI031-NAV-RT-023,N/A,P2-01,RT-023,/rescue,N/A,BOTH,390x844,1.0,mobile/test/app/router/auth_route_guard_test.dart;mobile/test/app/router/app_route_registry_test.dart,N/A,N/A,442:855,N/A,Rescue root always exists; when browse is off it shows an honest staged state and makes zero Rescue API calls,output-evidence/ui-v031/UI-CC-2026-07-21-G4B/W5/trace-row-reconciliation-20260722/route-trace-9-files-108-pass.raw.txt,381B7FD216DFC9A439B3772DB66C3095A38B96726F807B8473597D2FFB790579,ROUTE_FOCUSED_TEST,PASS,N/A,N/A,N/A,PAWMATE_RESCUE_BROWSE_ENABLED=false,N/A,rescue,2026-07-22T17:50:00+07:00,Codex deterministic evidence reconciliation; Product Owner G4B sign-off pending,route-denominator;record_type=ROUTE;current_state=LIVE_STAGED_FLAG_OFF;proof_id=docs/qa/ui-v031/W5_ROUTE_TEST_TRACEABILITY.csv#RT-023;verified_contract=Rescue root is branch 3 and fails closed by default;execution_overlay=docs/qa/ui-v031/ui_v031_trace_execution_overlay.csv
UI031-TRACE-ROUTE-RT-024,UI031-NAV-RT-024,N/A,P2-02,RT-024,/rescue/create,N/A,DESIGN,390x844,1.0,mobile/test/app/router/auth_route_guard_test.dart;mobile/test/app/router/app_route_registry_test.dart,N/A,N/A,442:908,N/A,Create Lost Alert is unavailable before Day 40 and cannot be reached through a generic 404,output-evidence/ui-v031/UI-CC-2026-07-21-G4B/W5/trace-row-reconciliation-20260722/route-trace-9-files-108-pass.raw.txt,381B7FD216DFC9A439B3772DB66C3095A38B96726F807B8473597D2FFB790579,ROUTE_FOCUSED_TEST,PASS,N/A,N/A,N/A,PAWMATE_RESCUE_CREATE_ENABLED=false,N/A,rescue,2026-07-22T17:50:00+07:00,Codex deterministic evidence reconciliation; Product Owner G4B sign-off pending,route-denominator;record_type=ROUTE;current_state=FUTURE_ABSENT;proof_id=docs/qa/ui-v031/W5_ROUTE_TEST_TRACEABILITY.csv#RT-024;verified_contract=Rescue create has a handler and fails closed while disabled;execution_overlay=docs/qa/ui-v031/ui_v031_trace_execution_overlay.csv
UI031-TRACE-ROUTE-RT-025,UI031-NAV-RT-025,N/A,P2-03,RT-025,/rescue/create/details,N/A,DESIGN,390x844,1.0,mobile/test/app/router/auth_route_guard_test.dart;mobile/test/app/router/app_route_registry_test.dart,N/A,N/A,442:949,N/A,Lost Info Form is unavailable before Day 40 and preserves a testable draft only after create is enabled,output-evidence/ui-v031/UI-CC-2026-07-21-G4B/W5/trace-row-reconciliation-20260722/route-trace-9-files-108-pass.raw.txt,381B7FD216DFC9A439B3772DB66C3095A38B96726F807B8473597D2FFB790579,ROUTE_FOCUSED_TEST,PASS,N/A,N/A,N/A,PAWMATE_RESCUE_CREATE_ENABLED=false,N/A,rescue,2026-07-22T17:50:00+07:00,Codex deterministic evidence reconciliation; Product Owner G4B sign-off pending,route-denominator;record_type=ROUTE;current_state=FUTURE_ABSENT;proof_id=docs/qa/ui-v031/W5_ROUTE_TEST_TRACEABILITY.csv#RT-025;verified_contract=Rescue details has a handler and fails closed while disabled;execution_overlay=docs/qa/ui-v031/ui_v031_trace_execution_overlay.csv
UI031-TRACE-ROUTE-RT-026,UI031-NAV-RT-026,N/A,P2-05,RT-026,/rescue/map,N/A,DESIGN,390x844,1.0,mobile/test/app/router/app_router_contract_test.dart;mobile/test/app/router/app_route_registry_test.dart,N/A,N/A,442:1016,N/A,Rescue map is fail-closed before Day 39 and uses only approximate public location when enabled,output-evidence/ui-v031/UI-CC-2026-07-21-G4B/W5/trace-row-reconciliation-20260722/route-trace-9-files-108-pass.raw.txt,381B7FD216DFC9A439B3772DB66C3095A38B96726F807B8473597D2FFB790579,ROUTE_FOCUSED_TEST,PASS,N/A,N/A,N/A,PAWMATE_RESCUE_BROWSE_ENABLED=false,N/A,rescue,2026-07-22T17:50:00+07:00,Codex deterministic evidence reconciliation; Product Owner G4B sign-off pending,route-denominator;record_type=ROUTE;current_state=FUTURE_ABSENT;proof_id=docs/qa/ui-v031/W5_ROUTE_TEST_TRACEABILITY.csv#RT-026;verified_contract=Rescue map has a handler and fails closed while disabled;execution_overlay=docs/qa/ui-v031/ui_v031_trace_execution_overlay.csv
UI031-TRACE-ROUTE-RT-027,UI031-NAV-RT-027,N/A,P2-04,RT-027,/rescue/:caseId,N/A,DESIGN,390x844,1.0,mobile/test/app/router/auth_route_guard_test.dart;mobile/test/app/router/app_route_registry_test.dart,N/A,N/A,442:984,N/A,Case detail is fail-closed before Day 39 and handles a case deleted while open,output-evidence/ui-v031/UI-CC-2026-07-21-G4B/W5/trace-row-reconciliation-20260722/route-trace-9-files-108-pass.raw.txt,381B7FD216DFC9A439B3772DB66C3095A38B96726F807B8473597D2FFB790579,ROUTE_FOCUSED_TEST,PASS,N/A,N/A,N/A,PAWMATE_RESCUE_BROWSE_ENABLED=false,N/A,rescue,2026-07-22T17:50:00+07:00,Codex deterministic evidence reconciliation; Product Owner G4B sign-off pending,route-denominator;record_type=ROUTE;current_state=FUTURE_ABSENT;proof_id=docs/qa/ui-v031/W5_ROUTE_TEST_TRACEABILITY.csv#RT-027;verified_contract=Rescue case has a handler and fails closed while disabled;execution_overlay=docs/qa/ui-v031/ui_v031_trace_execution_overlay.csv
UI031-TRACE-ROUTE-RT-028,UI031-NAV-RT-028,N/A,P2-06,RT-028,/rescue/:caseId/comment,N/A,DESIGN,390x844,1.0,mobile/test/app/router/auth_route_guard_test.dart;mobile/test/app/router/app_route_registry_test.dart,N/A,N/A,442:1076,N/A,Case comment is unavailable before Day 40 and requires canComment when enabled,output-evidence/ui-v031/UI-CC-2026-07-21-G4B/W5/trace-row-reconciliation-20260722/route-trace-9-files-108-pass.raw.txt,381B7FD216DFC9A439B3772DB66C3095A38B96726F807B8473597D2FFB790579,ROUTE_FOCUSED_TEST,PASS,N/A,N/A,N/A,PAWMATE_RESCUE_CREATE_ENABLED=false,N/A,rescue,2026-07-22T17:50:00+07:00,Codex deterministic evidence reconciliation; Product Owner G4B sign-off pending,route-denominator;record_type=ROUTE;current_state=FUTURE_ABSENT;proof_id=docs/qa/ui-v031/W5_ROUTE_TEST_TRACEABILITY.csv#RT-028;verified_contract=Rescue comment has a handler and fails closed while disabled;execution_overlay=docs/qa/ui-v031/ui_v031_trace_execution_overlay.csv
UI031-TRACE-ROUTE-RT-029,UI031-NAV-RT-029,N/A,P2-07,RT-029,/rescue/:caseId/status,N/A,DESIGN,390x844,1.0,mobile/test/app/router/auth_route_guard_test.dart;mobile/test/app/router/app_route_registry_test.dart,N/A,N/A,442:1120,N/A,Status update is unavailable before Day 40 and requires backend-enforced owner permission,output-evidence/ui-v031/UI-CC-2026-07-21-G4B/W5/trace-row-reconciliation-20260722/route-trace-9-files-108-pass.raw.txt,381B7FD216DFC9A439B3772DB66C3095A38B96726F807B8473597D2FFB790579,ROUTE_FOCUSED_TEST,PASS,N/A,N/A,N/A,PAWMATE_RESCUE_CREATE_ENABLED=false,N/A,rescue,2026-07-22T17:50:00+07:00,Codex deterministic evidence reconciliation; Product Owner G4B sign-off pending,route-denominator;record_type=ROUTE;current_state=FUTURE_ABSENT;proof_id=docs/qa/ui-v031/W5_ROUTE_TEST_TRACEABILITY.csv#RT-029;verified_contract=Rescue status has a handler and fails closed while disabled;execution_overlay=docs/qa/ui-v031/ui_v031_trace_execution_overlay.csv
UI031-TRACE-ROUTE-RT-030,UI031-NAV-RT-030,N/A,P2-08,RT-030,/rescue/:caseId/discussion,N/A,DESIGN,390x844,1.0,mobile/test/app/router/auth_route_guard_test.dart;mobile/test/app/router/app_route_registry_test.dart,N/A,N/A,442:1167,N/A,Case discussion is unavailable before Day 40 and requires an authenticated enabled create contract,output-evidence/ui-v031/UI-CC-2026-07-21-G4B/W5/trace-row-reconciliation-20260722/route-trace-9-files-108-pass.raw.txt,381B7FD216DFC9A439B3772DB66C3095A38B96726F807B8473597D2FFB790579,ROUTE_FOCUSED_TEST,PASS,N/A,N/A,N/A,PAWMATE_RESCUE_CREATE_ENABLED=false,N/A,rescue,2026-07-22T17:50:00+07:00,Codex deterministic evidence reconciliation; Product Owner G4B sign-off pending,route-denominator;record_type=ROUTE;current_state=FUTURE_ABSENT;proof_id=docs/qa/ui-v031/W5_ROUTE_TEST_TRACEABILITY.csv#RT-030;verified_contract=Rescue discussion has a handler and fails closed while disabled;execution_overlay=docs/qa/ui-v031/ui_v031_trace_execution_overlay.csv
UI031-TRACE-ROUTE-RT-031,UI031-NAV-RT-031,N/A,P2-10,RT-031,proposed:/adoption/pets/:id,N/A,DESIGN,390x844,1.0,mobile/test/app/router/app_route_registry_test.dart;mobile/test/app/router/auth_route_guard_test.dart,N/A,N/A,442:1288,N/A,Adoption profile remains unreachable until the Adoption route and API contract are approved,output-evidence/ui-v031/UI-CC-2026-07-21-G4B/W5/trace-row-reconciliation-20260722/route-trace-9-files-108-pass.raw.txt,381B7FD216DFC9A439B3772DB66C3095A38B96726F807B8473597D2FFB790579,ROUTE_FOCUSED_TEST,PASS,N/A,N/A,N/A,N/A,N/A,adoption,2026-07-22T17:50:00+07:00,Codex deterministic evidence reconciliation; Product Owner G4B sign-off pending,route-denominator;record_type=ROUTE;current_state=FUTURE_ABSENT;proof_id=docs/qa/ui-v031/W5_ROUTE_TEST_TRACEABILITY.csv#RT-031;verified_contract=Unapproved adoption pet route is rejected and falls back safely;execution_overlay=docs/qa/ui-v031/ui_v031_trace_execution_overlay.csv
UI031-TRACE-ROUTE-RT-032,UI031-NAV-RT-032,N/A,P2-11,RT-032,proposed:/adoption/requests/new,N/A,DESIGN,390x844,1.0,mobile/test/app/router/app_route_registry_test.dart;mobile/test/app/router/auth_route_guard_test.dart,N/A,N/A,442:1330,N/A,Adoption request form remains unreachable until the Adoption contract is approved,output-evidence/ui-v031/UI-CC-2026-07-21-G4B/W5/trace-row-reconciliation-20260722/route-trace-9-files-108-pass.raw.txt,381B7FD216DFC9A439B3772DB66C3095A38B96726F807B8473597D2FFB790579,ROUTE_FOCUSED_TEST,PASS,N/A,N/A,N/A,N/A,N/A,adoption,2026-07-22T17:50:00+07:00,Codex deterministic evidence reconciliation; Product Owner G4B sign-off pending,route-denominator;record_type=ROUTE;current_state=FUTURE_ABSENT;proof_id=docs/qa/ui-v031/W5_ROUTE_TEST_TRACEABILITY.csv#RT-032;verified_contract=Unapproved adoption request route is rejected and falls back safely;execution_overlay=docs/qa/ui-v031/ui_v031_trace_execution_overlay.csv
UI031-TRACE-ROUTE-RT-033,UI031-NAV-RT-033,N/A,P2-12,RT-033,proposed:/adoption/requests/:id/chat,N/A,DESIGN,390x844,1.0,mobile/test/app/router/app_route_registry_test.dart;mobile/test/app/router/auth_route_guard_test.dart,N/A,N/A,442:1368,N/A,Shelter chat remains unreachable until the Adoption contract is approved,output-evidence/ui-v031/UI-CC-2026-07-21-G4B/W5/trace-row-reconciliation-20260722/route-trace-9-files-108-pass.raw.txt,381B7FD216DFC9A439B3772DB66C3095A38B96726F807B8473597D2FFB790579,ROUTE_FOCUSED_TEST,PASS,N/A,N/A,N/A,N/A,N/A,adoption,2026-07-22T17:50:00+07:00,Codex deterministic evidence reconciliation; Product Owner G4B sign-off pending,route-denominator;record_type=ROUTE;current_state=FUTURE_ABSENT;proof_id=docs/qa/ui-v031/W5_ROUTE_TEST_TRACEABILITY.csv#RT-033;verified_contract=Unapproved adoption chat route is rejected and falls back safely;execution_overlay=docs/qa/ui-v031/ui_v031_trace_execution_overlay.csv
UI031-TRACE-ROUTE-RT-034,UI031-NAV-RT-034,N/A,ST-20,RT-034,proposed:/adoption/requests,N/A,DESIGN,390x844,1.0,mobile/test/app/router/app_route_registry_test.dart;mobile/test/app/router/auth_route_guard_test.dart,N/A,N/A,442:2302,N/A,My adoption requests remains unreachable until the Adoption contract is approved,output-evidence/ui-v031/UI-CC-2026-07-21-G4B/W5/trace-row-reconciliation-20260722/route-trace-9-files-108-pass.raw.txt,381B7FD216DFC9A439B3772DB66C3095A38B96726F807B8473597D2FFB790579,ROUTE_FOCUSED_TEST,PASS,N/A,N/A,N/A,N/A,N/A,adoption,2026-07-22T17:50:00+07:00,Codex deterministic evidence reconciliation; Product Owner G4B sign-off pending,route-denominator;record_type=ROUTE;current_state=FUTURE_ABSENT;proof_id=docs/qa/ui-v031/W5_ROUTE_TEST_TRACEABILITY.csv#RT-034;verified_contract=Unapproved adoption requests route is rejected and falls back safely;execution_overlay=docs/qa/ui-v031/ui_v031_trace_execution_overlay.csv
UI031-TRACE-ROUTE-RT-035,UI031-NAV-RT-035,N/A,P2-14,RT-035,proposed:/notifications/preferences,N/A,DESIGN,390x844,1.0,mobile/test/app/router/app_route_registry_test.dart;mobile/test/app/router/auth_route_guard_test.dart,N/A,N/A,442:1486,N/A,Notification preferences remains unreachable until its persistence contract is approved,output-evidence/ui-v031/UI-CC-2026-07-21-G4B/W5/trace-row-reconciliation-20260722/route-trace-9-files-108-pass.raw.txt,381B7FD216DFC9A439B3772DB66C3095A38B96726F807B8473597D2FFB790579,ROUTE_FOCUSED_TEST,PASS,N/A,N/A,N/A,N/A,N/A,notifications,2026-07-22T17:50:00+07:00,Codex deterministic evidence reconciliation; Product Owner G4B sign-off pending,route-denominator;record_type=ROUTE;current_state=FUTURE_ABSENT;proof_id=docs/qa/ui-v031/W5_ROUTE_TEST_TRACEABILITY.csv#RT-035;verified_contract=Unapproved notification preferences route is rejected and falls back safely;execution_overlay=docs/qa/ui-v031/ui_v031_trace_execution_overlay.csv
UI031-TRACE-ROUTE-RT-036,UI031-NAV-RT-036,N/A,P1-11,RT-036,modal:vet-review,N/A,BOTH,390x844,1.0,mobile/test/features/vets/day25_vet_feature_test.dart;mobile/test/features/vets/vet_screens_test.dart,N/A,N/A,442:473,N/A,Write Review opens as a modal over Vet Detail and refreshes the review summary after success,output-evidence/ui-v031/UI-CC-2026-07-21-G4B/W5/trace-row-reconciliation-20260722/route-trace-9-files-108-pass.raw.txt,381B7FD216DFC9A439B3772DB66C3095A38B96726F807B8473597D2FFB790579,ROUTE_FOCUSED_TEST,PASS,N/A,N/A,N/A,N/A,N/A,vets,2026-07-22T17:50:00+07:00,Codex deterministic evidence reconciliation; Product Owner G4B sign-off pending,route-denominator;record_type=ROUTE;current_state=LIVE_MODAL;proof_id=docs/qa/ui-v031/W5_ROUTE_TEST_TRACEABILITY.csv#RT-036;verified_contract=Vet review opens as a modal and refreshes on success;execution_overlay=docs/qa/ui-v031/ui_v031_trace_execution_overlay.csv
UI031-TRACE-ROUTE-RB-001,UI031-NAV-RB-001,N/A,P1-02,RB-001,N/A,N/A,BOTH,390x844,1.0,mobile/test/app/router/auth_route_guard_test.dart,N/A,N/A,442:23,N/A,Unauthenticated access to every protected route redirects to login with a safely encoded returnTo,output-evidence/ui-v031/UI-CC-2026-07-21-G4B/W5/trace-row-reconciliation-20260722/route-trace-9-files-108-pass.raw.txt,381B7FD216DFC9A439B3772DB66C3095A38B96726F807B8473597D2FFB790579,ROUTE_FOCUSED_TEST,PASS,N/A,N/A,N/A,N/A,N/A,router,2026-07-22T17:50:00+07:00,Codex deterministic evidence reconciliation; Product Owner G4B sign-off pending,route-denominator;record_type=NAV_BEHAVIOR;current_state=TARGET_ONLY;proof_id=docs/qa/ui-v031/W5_ROUTE_TEST_TRACEABILITY.csv#RB-001;verified_contract=Every protected route family redirects guests with encoded returnTo;execution_overlay=docs/qa/ui-v031/ui_v031_trace_execution_overlay.csv
UI031-TRACE-ROUTE-RB-002,UI031-NAV-RB-002,N/A,P1-02,RB-002,N/A,N/A,BOTH,390x844,1.0,mobile/test/features/auth/auth_return_route_test.dart;mobile/test/app/router/app_route_registry_test.dart,N/A,N/A,442:23,N/A,returnTo is allowlisted and cannot navigate to an external or malformed target,output-evidence/ui-v031/UI-CC-2026-07-21-G4B/W5/trace-row-reconciliation-20260722/route-trace-9-files-108-pass.raw.txt,381B7FD216DFC9A439B3772DB66C3095A38B96726F807B8473597D2FFB790579,ROUTE_FOCUSED_TEST,PASS,N/A,N/A,N/A,N/A,N/A,router,2026-07-22T17:50:00+07:00,Codex deterministic evidence reconciliation; Product Owner G4B sign-off pending,route-denominator;record_type=NAV_BEHAVIOR;current_state=TARGET_ONLY;proof_id=docs/qa/ui-v031/W5_ROUTE_TEST_TRACEABILITY.csv#RB-002;verified_contract=External malformed and unknown returnTo values are rejected;execution_overlay=docs/qa/ui-v031/ui_v031_trace_execution_overlay.csv
UI031-TRACE-ROUTE-RB-003,UI031-NAV-RB-003,N/A,P1-07,RB-003,N/A,N/A,BOTH,390x844,1.0,mobile/test/app/router/stateful_shell_navigation_test.dart,N/A,N/A,442:198,N/A,Switching among five shell branches preserves each branch navigator scroll filter and selected state,output-evidence/ui-v031/UI-CC-2026-07-21-G4B/W5/trace-row-reconciliation-20260722/route-trace-9-files-108-pass.raw.txt,381B7FD216DFC9A439B3772DB66C3095A38B96726F807B8473597D2FFB790579,ROUTE_FOCUSED_TEST,PASS,N/A,N/A,N/A,N/A,N/A,router,2026-07-22T17:50:00+07:00,Codex deterministic evidence reconciliation; Product Owner G4B sign-off pending,route-denominator;record_type=NAV_BEHAVIOR;current_state=TARGET_ONLY;proof_id=docs/qa/ui-v031/W5_ROUTE_TEST_TRACEABILITY.csv#RB-003;verified_contract=Five indexed branches retain child navigation state;execution_overlay=docs/qa/ui-v031/ui_v031_trace_execution_overlay.csv
UI031-TRACE-ROUTE-RB-004,UI031-NAV-RB-004,N/A,P1-07,RB-004,N/A,N/A,BOTH,390x844,1.0,mobile/test/app/router/stateful_shell_navigation_test.dart,N/A,N/A,442:198,N/A,Reselecting a branch while on a child pops only that branch to its root,output-evidence/ui-v031/UI-CC-2026-07-21-G4B/W5/trace-row-reconciliation-20260722/route-trace-9-files-108-pass.raw.txt,381B7FD216DFC9A439B3772DB66C3095A38B96726F807B8473597D2FFB790579,ROUTE_FOCUSED_TEST,PASS,N/A,N/A,N/A,N/A,N/A,router,2026-07-22T17:50:00+07:00,Codex deterministic evidence reconciliation; Product Owner G4B sign-off pending,route-denominator;record_type=NAV_BEHAVIOR;current_state=TARGET_ONLY;proof_id=docs/qa/ui-v031/W5_ROUTE_TEST_TRACEABILITY.csv#RB-004;verified_contract=Active child reselect pops only that branch to root;execution_overlay=docs/qa/ui-v031/ui_v031_trace_execution_overlay.csv
UI031-TRACE-ROUTE-RB-005,UI031-NAV-RB-005,N/A,P1-07,RB-005,N/A,N/A,BOTH,390x844,1.0,mobile/test/app/router/stateful_shell_navigation_test.dart,N/A,N/A,442:198,N/A,Reselecting an already visible branch root scrolls its primary content to top,output-evidence/ui-v031/UI-CC-2026-07-21-G4B/W5/trace-row-reconciliation-20260722/route-trace-9-files-108-pass.raw.txt,381B7FD216DFC9A439B3772DB66C3095A38B96726F807B8473597D2FFB790579,ROUTE_FOCUSED_TEST,PASS,N/A,N/A,N/A,N/A,N/A,router,2026-07-22T17:50:00+07:00,Codex deterministic evidence reconciliation; Product Owner G4B sign-off pending,route-denominator;record_type=NAV_BEHAVIOR;current_state=TARGET_ONLY;proof_id=docs/qa/ui-v031/W5_ROUTE_TEST_TRACEABILITY.csv#RB-005;verified_contract=Visible root reselect scrolls its primary controller to zero;execution_overlay=docs/qa/ui-v031/ui_v031_trace_execution_overlay.csv
UI031-TRACE-ROUTE-RB-006,UI031-NAV-RB-006,N/A,P1-07,RB-006,N/A,N/A,BOTH,390x844,1.0,mobile/test/app/router/stateful_shell_navigation_test.dart,N/A,N/A,442:198,N/A,Android back on a shell root follows platform exit behavior without corrupting another branch stack,output-evidence/ui-v031/UI-CC-2026-07-21-G4B/W5/trace-row-reconciliation-20260722/route-trace-9-files-108-pass.raw.txt,381B7FD216DFC9A439B3772DB66C3095A38B96726F807B8473597D2FFB790579,ROUTE_FOCUSED_TEST,PASS,N/A,N/A,N/A,N/A,N/A,router,2026-07-22T17:50:00+07:00,Codex deterministic evidence reconciliation; Product Owner G4B sign-off pending,route-denominator;record_type=NAV_BEHAVIOR;current_state=TARGET_ONLY;proof_id=docs/qa/ui-v031/W5_ROUTE_TEST_TRACEABILITY.csv#RB-006;verified_contract=Android root back is unhandled by the router and delegates to system exit;execution_overlay=docs/qa/ui-v031/ui_v031_trace_execution_overlay.csv
UI031-TRACE-ROUTE-RB-007,UI031-NAV-RB-007,N/A,P1-07,RB-007,N/A,N/A,BOTH,390x844,1.0,mobile/test/app/router/stateful_shell_navigation_test.dart,N/A,N/A,442:198,N/A,iOS edge swipe dismisses pushed full-screen routes and restores the originating shell branch,output-evidence/ui-v031/UI-CC-2026-07-21-G4B/W5/trace-row-reconciliation-20260722/route-trace-9-files-108-pass.raw.txt,381B7FD216DFC9A439B3772DB66C3095A38B96726F807B8473597D2FFB790579,ROUTE_FOCUSED_TEST,PASS,N/A,N/A,N/A,N/A,N/A,router,2026-07-22T17:50:00+07:00,Codex deterministic evidence reconciliation; Product Owner G4B sign-off pending,route-denominator;record_type=NAV_BEHAVIOR;current_state=TARGET_ONLY;proof_id=docs/qa/ui-v031/W5_ROUTE_TEST_TRACEABILITY.csv#RB-007;verified_contract=iOS pushed route uses CupertinoPage and enables pop gesture;execution_overlay=docs/qa/ui-v031/ui_v031_trace_execution_overlay.csv
UI031-TRACE-ROUTE-RB-008,UI031-NAV-RB-008,N/A,P1-07,RB-008,N/A,N/A,BOTH,390x844,1.0,mobile/test/app/router/auth_route_guard_test.dart,N/A,N/A,442:198,N/A,Unknown routes resolve to a safe in-app fallback and never expose a blank or crashing screen,output-evidence/ui-v031/UI-CC-2026-07-21-G4B/W5/trace-row-reconciliation-20260722/route-trace-9-files-108-pass.raw.txt,381B7FD216DFC9A439B3772DB66C3095A38B96726F807B8473597D2FFB790579,ROUTE_FOCUSED_TEST,PASS,N/A,N/A,N/A,N/A,N/A,router,2026-07-22T17:50:00+07:00,Codex deterministic evidence reconciliation; Product Owner G4B sign-off pending,route-denominator;record_type=NAV_BEHAVIOR;current_state=TARGET_ONLY;proof_id=docs/qa/ui-v031/W5_ROUTE_TEST_TRACEABILITY.csv#RB-008;verified_contract=Authenticated unknown route renders a safe in-app fallback;execution_overlay=docs/qa/ui-v031/ui_v031_trace_execution_overlay.csv
UI031-TRACE-CTA-NAV-HOME,UI031-ACTION-CTA-NAV-HOME,N/A,P1-07,RT-006,/pets,N/A,BOTH,390x844,1.0,mobile/test/app/router/stateful_shell_navigation_test.dart#five shell branches retain child history and active-tab reselect pops home,N/A,N/A,442:198,N/A,CTA-NAV-HOME matches its documented enabled state handler and fail-closed behavior,output-evidence/ui-v031/UI-CC-2026-07-21-G4B/W8/cta-row-proof-20260723/rows/CTA-NAV-HOME.json,73FC93893E0EC584E137B11EF0AEB0921951954E63AD307EF8F5FBDC31CA68F0,CTA_ROW_EXECUTION_MANIFEST,PASS,CTA-NAV-HOME,TRUE,callback:selectShellBranch(HOME),N/A,N/A,router,2026-07-22T17:50:00+07:00,Codex deterministic evidence reconciliation; Product Owner G4B sign-off pending,cta-denominator;current_enabled=CONDITIONAL;test_status=PASS;proof_id=docs/qa/ui-v031/cta_matrix.csv#CTA-NAV-HOME;cta_test_status=PASS;execution_overlay=docs/qa/ui-v031/ui_v031_trace_execution_overlay.csv
UI031-TRACE-CTA-NAV-VET,UI031-ACTION-CTA-NAV-VET,N/A,P1-08,RT-011,/vets/map,N/A,BOTH,390x844,1.0,mobile/test/app/router/stateful_shell_navigation_test.dart#five shell branches retain child history and active-tab reselect pops home,N/A,N/A,442:275,N/A,CTA-NAV-VET matches its documented enabled state handler and fail-closed behavior,output-evidence/ui-v031/UI-CC-2026-07-21-G4B/W8/cta-row-proof-20260723/rows/CTA-NAV-VET.json,0219B744C09BA2CDCFBBD2B2CE8EC9AC952371F47E41418910C3657917AF5911,CTA_ROW_EXECUTION_MANIFEST,PASS,CTA-NAV-VET,TRUE,callback:selectShellBranch(VET),N/A,N/A,router,2026-07-22T17:50:00+07:00,Codex deterministic evidence reconciliation; Product Owner G4B sign-off pending,cta-denominator;current_enabled=CONDITIONAL;test_status=PASS;proof_id=docs/qa/ui-v031/cta_matrix.csv#CTA-NAV-VET;cta_test_status=PASS;execution_overlay=docs/qa/ui-v031/ui_v031_trace_execution_overlay.csv
UI031-TRACE-CTA-NAV-HEALTH,UI031-ACTION-CTA-NAV-HEALTH,N/A,P1-12,RT-014,/health,N/A,BOTH,390x844,1.0,mobile/test/app/router/stateful_shell_navigation_test.dart#five shell branches retain child history and active-tab reselect pops home,N/A,N/A,442:516,N/A,CTA-NAV-HEALTH matches its documented enabled state handler and fail-closed behavior,output-evidence/ui-v031/UI-CC-2026-07-21-G4B/W8/cta-row-proof-20260723/rows/CTA-NAV-HEALTH.json,03C15486655C0AA0DE38724A7C760B25291BEB835A151FD90C70B33218FECF9C,CTA_ROW_EXECUTION_MANIFEST,PASS,CTA-NAV-HEALTH,TRUE,callback:selectShellBranch(HEALTH),N/A,N/A,router,2026-07-22T17:50:00+07:00,Codex deterministic evidence reconciliation; Product Owner G4B sign-off pending,cta-denominator;current_enabled=CONDITIONAL;test_status=PASS;proof_id=docs/qa/ui-v031/cta_matrix.csv#CTA-NAV-HEALTH;cta_test_status=PASS;execution_overlay=docs/qa/ui-v031/ui_v031_trace_execution_overlay.csv
UI031-TRACE-CTA-NAV-RESCUE,UI031-ACTION-CTA-NAV-RESCUE,P2-IM-001-NAV,P2-01,RT-023,/rescue,N/A,BOTH,390x844,1.0,mobile/test/app/router/stateful_shell_navigation_test.dart#five shell branches retain child history and active-tab reselect pops home,N/A,N/A,442:855,N/A,CTA-NAV-RESCUE matches its documented enabled state handler and fail-closed behavior,output-evidence/ui-v031/UI-CC-2026-07-21-G4B/W8/cta-row-proof-20260723/rows/CTA-NAV-RESCUE.json,53F4DC2719C24A65BAD72F0455BE95522D1C2006244390B8C2D1A0125D50D45C,CTA_ROW_EXECUTION_MANIFEST,PASS,CTA-NAV-RESCUE,TRUE,callback:selectShellBranch(RESCUE),PAWMATE_RESCUE_BROWSE_ENABLED=false,N/A,router,2026-07-22T17:50:00+07:00,Codex deterministic evidence reconciliation; Product Owner G4B sign-off pending,cta-denominator;current_enabled=CONDITIONAL;test_status=PASS;proof_id=docs/qa/ui-v031/cta_matrix.csv#CTA-NAV-RESCUE;cta_test_status=PASS;execution_overlay=docs/qa/ui-v031/ui_v031_trace_execution_overlay.csv
UI031-TRACE-CTA-NAV-PROFILE,UI031-ACTION-CTA-NAV-PROFILE,P1-IM-022-NAV,P1-16,RT-022,/profile,N/A,BOTH,390x844,1.0,mobile/test/app/router/stateful_shell_navigation_test.dart#five shell branches retain child history and active-tab reselect pops home,N/A,N/A,442:792,N/A,CTA-NAV-PROFILE matches its documented enabled state handler and fail-closed behavior,output-evidence/ui-v031/UI-CC-2026-07-21-G4B/W8/cta-row-proof-20260723/rows/CTA-NAV-PROFILE.json,3FDEE0944BDAD38459E1109B1EF940115BB5929A81F7FE44AB4474173CEF851E,CTA_ROW_EXECUTION_MANIFEST,PASS,CTA-NAV-PROFILE,TRUE,callback:selectShellBranch(PROFILE),N/A,N/A,router,2026-07-22T17:50:00+07:00,Codex deterministic evidence reconciliation; Product Owner G4B sign-off pending,cta-denominator;current_enabled=CONDITIONAL;test_status=PASS;proof_id=docs/qa/ui-v031/cta_matrix.csv#CTA-NAV-PROFILE;cta_test_status=PASS;execution_overlay=docs/qa/ui-v031/ui_v031_trace_execution_overlay.csv
UI031-TRACE-CTA-P1-01-CONTINUE,UI031-ACTION-CTA-P1-01-CONTINUE,P1-IM-001-NAV,P1-01,RT-004,/auth/register,N/A,BOTH,390x844,1.0,mobile/test/widget_test.dart#onboarding continue stores draft and opens register,N/A,N/A,442:6,N/A,CTA-P1-01-CONTINUE matches its documented enabled state handler and fail-closed behavior,output-evidence/ui-v031/UI-CC-2026-07-21-G4B/W8/cta-row-proof-20260723/rows/CTA-P1-01-CONTINUE.json,3F1AF302A53DBFD6F58343CA786779388DBCE5E4E0BC26CEF2E18D602A490F25,CTA_ROW_EXECUTION_MANIFEST,PASS,CTA-P1-01-CONTINUE,TRUE,callback:finishOnboardingAndOpenRegister,N/A,N/A,onboarding,2026-07-22T17:50:00+07:00,Codex deterministic evidence reconciliation; Product Owner G4B sign-off pending,cta-denominator;current_enabled=CONDITIONAL;test_status=PASS;proof_id=docs/qa/ui-v031/cta_matrix.csv#CTA-P1-01-CONTINUE;cta_test_status=PASS;execution_overlay=docs/qa/ui-v031/ui_v031_trace_execution_overlay.csv
UI031-TRACE-CTA-P1-01-LOGIN,UI031-ACTION-CTA-P1-01-LOGIN,P1-IM-001-NAV,P1-01,RT-003,/auth/login,N/A,BOTH,390x844,1.0,mobile/test/features/onboarding/onboarding_screen_test.dart#onboarding restores local draft and skip opens login,N/A,N/A,442:6,N/A,CTA-P1-01-LOGIN matches its documented enabled state handler and fail-closed behavior,output-evidence/ui-v031/UI-CC-2026-07-21-G4B/W8/cta-row-proof-20260723/rows/CTA-P1-01-LOGIN.json,2F8B876155EF5042FA916C5D0BAEB66C005737FA17CC9200F33D58C04E8BC3A1,CTA_ROW_EXECUTION_MANIFEST,PASS,CTA-P1-01-LOGIN,TRUE,callback:finishOnboardingAndOpenLogin,N/A,N/A,onboarding,2026-07-22T17:50:00+07:00,Codex deterministic evidence reconciliation; Product Owner G4B sign-off pending,cta-denominator;current_enabled=CONDITIONAL;test_status=PASS;proof_id=docs/qa/ui-v031/cta_matrix.csv#CTA-P1-01-LOGIN;cta_test_status=PASS;execution_overlay=docs/qa/ui-v031/ui_v031_trace_execution_overlay.csv
UI031-TRACE-CTA-P1-02-LOGIN,UI031-ACTION-CTA-P1-02-LOGIN,P1-IM-002-NAV,P1-02,RT-006,/pets,N/A,BOTH,390x844,1.0,mobile/test/features/auth/login_screen_test.dart#login success routes to Phase 1 Home at /pets,N/A,N/A,442:23,N/A,CTA-P1-02-LOGIN matches its documented enabled state handler and fail-closed behavior,output-evidence/ui-v031/UI-CC-2026-07-21-G4B/W8/cta-row-proof-20260723/rows/CTA-P1-02-LOGIN.json,F1C30E737D9B660E0F905A1BEE853213D879990B00B82879158C00F4F14A3609,CTA_ROW_EXECUTION_MANIFEST,PASS,CTA-P1-02-LOGIN,TRUE,callback:submitLogin,N/A,N/A,auth,2026-07-22T17:50:00+07:00,Codex deterministic evidence reconciliation; Product Owner G4B sign-off pending,cta-denominator;current_enabled=CONDITIONAL;test_status=PASS;proof_id=docs/qa/ui-v031/cta_matrix.csv#CTA-P1-02-LOGIN;cta_test_status=PASS;execution_overlay=docs/qa/ui-v031/ui_v031_trace_execution_overlay.csv
UI031-TRACE-CTA-P1-02-REGISTER,UI031-ACTION-CTA-P1-02-REGISTER,P1-IM-003-NAV,P1-02,RT-004,/auth/register,N/A,BOTH,390x844,1.0,mobile/test/features/auth/login_screen_test.dart#register link passes the entered email only,N/A,N/A,442:23,N/A,CTA-P1-02-REGISTER matches its documented enabled state handler and fail-closed behavior,output-evidence/ui-v031/UI-CC-2026-07-21-G4B/W8/cta-row-proof-20260723/rows/CTA-P1-02-REGISTER.json,DA2E60EF2F5FE3D9241E9B6FF152483328A2B207315CA3436D015160C5156408,CTA_ROW_EXECUTION_MANIFEST,PASS,CTA-P1-02-REGISTER,TRUE,callback:openRegister,N/A,N/A,auth,2026-07-22T17:50:00+07:00,Codex deterministic evidence reconciliation; Product Owner G4B sign-off pending,cta-denominator;current_enabled=CONDITIONAL;test_status=PASS;proof_id=docs/qa/ui-v031/cta_matrix.csv#CTA-P1-02-REGISTER;cta_test_status=PASS;execution_overlay=docs/qa/ui-v031/ui_v031_trace_execution_overlay.csv
UI031-TRACE-CTA-P1-02-FORGOT,UI031-ACTION-CTA-P1-02-FORGOT,N/A,P1-02,N/A,unavailable:password-reset,N/A,BOTH,390x844,1.0,mobile/test/features/auth/login_screen_test.dart#login shows v0.27 content and keeps API error inline,N/A,N/A,442:23,N/A,CTA-P1-02-FORGOT matches its documented enabled state handler and fail-closed behavior,output-evidence/ui-v031/UI-CC-2026-07-21-G4B/W8/cta-row-proof-20260723/rows/CTA-P1-02-FORGOT.json,B6038961B2B706176955F5851AF35A1510382F3959019EAC74E7A3AB5AAE3051,CTA_ROW_EXECUTION_MANIFEST,PASS,CTA-P1-02-FORGOT,TRUE,callback:showPasswordResetUnavailable,N/A,N/A,auth,2026-07-22T17:50:00+07:00,Codex deterministic evidence reconciliation; Product Owner G4B sign-off pending,cta-denominator;current_enabled=CONDITIONAL;test_status=PASS;proof_id=docs/qa/ui-v031/cta_matrix.csv#CTA-P1-02-FORGOT;cta_test_status=PASS;execution_overlay=docs/qa/ui-v031/ui_v031_trace_execution_overlay.csv
UI031-TRACE-CTA-P1-03-CREATE,UI031-ACTION-CTA-P1-03-CREATE,P1-IM-004-NAV,P1-03,RT-005,/auth/otp,N/A,BOTH,390x844,1.0,mobile/test/features/auth/register_screen_test.dart#Register success routes to OTP with verification window,N/A,N/A,442:47,N/A,CTA-P1-03-CREATE matches its documented enabled state handler and fail-closed behavior,output-evidence/ui-v031/UI-CC-2026-07-21-G4B/W8/cta-row-proof-20260723/rows/CTA-P1-03-CREATE.json,BFA5AC3D08C5043F10A697D71411AEF5E0573DC9FC6654B358927150840E6CFC,CTA_ROW_EXECUTION_MANIFEST,PASS,CTA-P1-03-CREATE,TRUE,callback:submitRegistration,N/A,N/A,auth,2026-07-22T17:50:00+07:00,Codex deterministic evidence reconciliation; Product Owner G4B sign-off pending,cta-denominator;current_enabled=CONDITIONAL;test_status=PASS;proof_id=docs/qa/ui-v031/cta_matrix.csv#CTA-P1-03-CREATE;cta_test_status=PASS;execution_overlay=docs/qa/ui-v031/ui_v031_trace_execution_overlay.csv
UI031-TRACE-CTA-P1-03-LOGIN,UI031-ACTION-CTA-P1-03-LOGIN,N/A,P1-03,RT-003,/auth/login,N/A,BOTH,390x844,1.0,mobile/test/app/router/app_router_contract_test.dart#production router exposes the canonical route inventory,N/A,N/A,442:47,N/A,CTA-P1-03-LOGIN matches its documented enabled state handler and fail-closed behavior,output-evidence/ui-v031/UI-CC-2026-07-21-G4B/W8/cta-row-proof-20260723/rows/CTA-P1-03-LOGIN.json,3E272C8BE9EAFB2247D8B020739A12B42CE36052DC5F857B058359CF39DA4289,CTA_ROW_EXECUTION_MANIFEST,PASS,CTA-P1-03-LOGIN,TRUE,callback:openLogin,N/A,N/A,auth,2026-07-22T17:50:00+07:00,Codex deterministic evidence reconciliation; Product Owner G4B sign-off pending,cta-denominator;current_enabled=CONDITIONAL;test_status=PASS;proof_id=docs/qa/ui-v031/cta_matrix.csv#CTA-P1-03-LOGIN;cta_test_status=PASS;execution_overlay=docs/qa/ui-v031/ui_v031_trace_execution_overlay.csv
UI031-TRACE-CTA-P1-04-VERIFY,UI031-ACTION-CTA-P1-04-VERIFY,P1-IM-005-NAV,P1-04,RT-006,/pets,N/A,BOTH,390x844,1.0,mobile/test/features/auth/otp_screen_test.dart#OTP success persists session atomically and routes to Home,N/A,N/A,442:73,N/A,CTA-P1-04-VERIFY matches its documented enabled state handler and fail-closed behavior,output-evidence/ui-v031/UI-CC-2026-07-21-G4B/W8/cta-row-proof-20260723/rows/CTA-P1-04-VERIFY.json,A377A295C2283DC08EB87384F15720DE99216AB0B5D53761944DF3B3116D343F,CTA_ROW_EXECUTION_MANIFEST,PASS,CTA-P1-04-VERIFY,TRUE,callback:submitOtp,N/A,N/A,auth,2026-07-22T17:50:00+07:00,Codex deterministic evidence reconciliation; Product Owner G4B sign-off pending,cta-denominator;current_enabled=CONDITIONAL;test_status=PASS;proof_id=docs/qa/ui-v031/cta_matrix.csv#CTA-P1-04-VERIFY;cta_test_status=PASS;execution_overlay=docs/qa/ui-v031/ui_v031_trace_execution_overlay.csv
UI031-TRACE-CTA-P1-04-RESEND,UI031-ACTION-CTA-P1-04-RESEND,P1-IM-006-NAV,P1-04,N/A,action:resend-otp,N/A,BOTH,390x844,1.0,mobile/test/features/auth/otp_screen_test.dart#Resend clears OTP and applies server verification window,N/A,N/A,442:73,N/A,CTA-P1-04-RESEND matches its documented enabled state handler and fail-closed behavior,output-evidence/ui-v031/UI-CC-2026-07-21-G4B/W8/cta-row-proof-20260723/rows/CTA-P1-04-RESEND.json,4D5963E01998132B3CD7F55FA7FCF8C275DB45FF102321501D306C0798053B2F,CTA_ROW_EXECUTION_MANIFEST,PASS,CTA-P1-04-RESEND,TRUE,callback:resendOtp,N/A,N/A,auth,2026-07-22T17:50:00+07:00,Codex deterministic evidence reconciliation; Product Owner G4B sign-off pending,cta-denominator;current_enabled=CONDITIONAL;test_status=PASS;proof_id=docs/qa/ui-v031/cta_matrix.csv#CTA-P1-04-RESEND;cta_test_status=PASS;execution_overlay=docs/qa/ui-v031/ui_v031_trace_execution_overlay.csv
UI031-TRACE-CTA-P1-04-CHANGE-EMAIL,UI031-ACTION-CTA-P1-04-CHANGE-EMAIL,N/A,P1-04,RT-004,/auth/register,N/A,BOTH,390x844,1.0,mobile/test/features/auth/otp_screen_test.dart#Expired OTP change-email action preserves email,N/A,N/A,442:73,N/A,CTA-P1-04-CHANGE-EMAIL matches its documented enabled state handler and fail-closed behavior,output-evidence/ui-v031/UI-CC-2026-07-21-G4B/W8/cta-row-proof-20260723/rows/CTA-P1-04-CHANGE-EMAIL.json,0535A8C9F991194C90298DA6CE839AC26887E06ABDD0025C87A886AD56295150,CTA_ROW_EXECUTION_MANIFEST,PASS,CTA-P1-04-CHANGE-EMAIL,TRUE,callback:changeEmail,N/A,N/A,auth,2026-07-22T17:50:00+07:00,Codex deterministic evidence reconciliation; Product Owner G4B sign-off pending,cta-denominator;current_enabled=CONDITIONAL;test_status=PASS;proof_id=docs/qa/ui-v031/cta_matrix.csv#CTA-P1-04-CHANGE-EMAIL;cta_test_status=PASS;execution_overlay=docs/qa/ui-v031/ui_v031_trace_execution_overlay.csv
UI031-TRACE-CTA-P1-04-BACK-REGISTER,UI031-ACTION-CTA-P1-04-BACK-REGISTER,N/A,P1-04,RT-004,/auth/register,N/A,BOTH,390x844,1.0,mobile/test/app/router/app_router_contract_test.dart#production router exposes the canonical route inventory,N/A,N/A,442:73,N/A,CTA-P1-04-BACK-REGISTER matches its documented enabled state handler and fail-closed behavior,output-evidence/ui-v031/UI-CC-2026-07-21-G4B/W8/cta-row-proof-20260723/rows/CTA-P1-04-BACK-REGISTER.json,5859E410780B4E3335D606EDA13598C80CD628F149591833C365E7EF35540C83,CTA_ROW_EXECUTION_MANIFEST,PASS,CTA-P1-04-BACK-REGISTER,TRUE,route:/auth/register,N/A,N/A,auth,2026-07-22T17:50:00+07:00,Codex deterministic evidence reconciliation; Product Owner G4B sign-off pending,cta-denominator;current_enabled=TRUE;test_status=PASS;proof_id=docs/qa/ui-v031/cta_matrix.csv#CTA-P1-04-BACK-REGISTER;cta_test_status=PASS;execution_overlay=docs/qa/ui-v031/ui_v031_trace_execution_overlay.csv
UI031-TRACE-CTA-P1-05-PET-DETAIL,UI031-ACTION-CTA-P1-05-PET-DETAIL,N/A,P1-05,RT-010,/pets/:id,N/A,BOTH,390x844,1.0,mobile/test/app/router/app_router_contract_test.dart#production router exposes the canonical route inventory,N/A,N/A,442:102,N/A,CTA-P1-05-PET-DETAIL matches its documented enabled state handler and fail-closed behavior,output-evidence/ui-v031/UI-CC-2026-07-21-G4B/W8/cta-row-proof-20260723/rows/CTA-P1-05-PET-DETAIL.json,F4AF4D34FAE009362B80B9880465C2D19CA0767AED3BC13C5413F990FF4FD9EB,CTA_ROW_EXECUTION_MANIFEST,PASS,CTA-P1-05-PET-DETAIL,TRUE,route:/pets/:id,N/A,N/A,pets,2026-07-22T17:50:00+07:00,Codex deterministic evidence reconciliation; Product Owner G4B sign-off pending,cta-denominator;current_enabled=CONDITIONAL;test_status=PASS;proof_id=docs/qa/ui-v031/cta_matrix.csv#CTA-P1-05-PET-DETAIL;cta_test_status=PASS;execution_overlay=docs/qa/ui-v031/ui_v031_trace_execution_overlay.csv
UI031-TRACE-CTA-P1-05-ADD-PET,UI031-ACTION-CTA-P1-05-ADD-PET,P1-IM-009-NAV,P1-05,RT-008,/pets/create,N/A,BOTH,390x844,1.0,mobile/test/app/router/app_router_contract_test.dart#production router exposes the canonical route inventory,N/A,N/A,442:102,N/A,CTA-P1-05-ADD-PET matches its documented enabled state handler and fail-closed behavior,output-evidence/ui-v031/UI-CC-2026-07-21-G4B/W8/cta-row-proof-20260723/rows/CTA-P1-05-ADD-PET.json,27A1B1C33595E05C2B115B1B388406209A7D76E102C0C75CD030C1F20D92AEF1,CTA_ROW_EXECUTION_MANIFEST,PASS,CTA-P1-05-ADD-PET,TRUE,route:/pets/create,N/A,N/A,pets,2026-07-22T17:50:00+07:00,Codex deterministic evidence reconciliation; Product Owner G4B sign-off pending,cta-denominator;current_enabled=TRUE;test_status=PASS;proof_id=docs/qa/ui-v031/cta_matrix.csv#CTA-P1-05-ADD-PET;cta_test_status=PASS;execution_overlay=docs/qa/ui-v031/ui_v031_trace_execution_overlay.csv
UI031-TRACE-CTA-P1-05-NOTIFICATIONS,UI031-ACTION-CTA-P1-05-NOTIFICATIONS,P1-IM-020-NAV,P1-05,RT-017,/notifications,N/A,BOTH,390x844,1.0,mobile/test/app/router/app_router_contract_test.dart#production router exposes the canonical route inventory,N/A,N/A,442:102,N/A,CTA-P1-05-NOTIFICATIONS matches its documented enabled state handler and fail-closed behavior,output-evidence/ui-v031/UI-CC-2026-07-21-G4B/W8/cta-row-proof-20260723/rows/CTA-P1-05-NOTIFICATIONS.json,91E89353976087D81A9682736450E1BA77AD41C53052CC896F8F8032D1998CF7,CTA_ROW_EXECUTION_MANIFEST,PASS,CTA-P1-05-NOTIFICATIONS,TRUE,route:/notifications,N/A,N/A,pets,2026-07-22T17:50:00+07:00,Codex deterministic evidence reconciliation; Product Owner G4B sign-off pending,cta-denominator;current_enabled=TRUE;test_status=PASS;proof_id=docs/qa/ui-v031/cta_matrix.csv#CTA-P1-05-NOTIFICATIONS;cta_test_status=PASS;execution_overlay=docs/qa/ui-v031/ui_v031_trace_execution_overlay.csv
UI031-TRACE-CTA-P1-06-SAVE,UI031-ACTION-CTA-P1-06-SAVE,P1-IM-010-NAV,P1-06,N/A,action:save-pet,N/A,BOTH,390x844,1.0,mobile/test/features/pets/pet_navigation_test.dart#Pet form save adds pet and returns to refreshed pet list,N/A,N/A,442:151,N/A,CTA-P1-06-SAVE matches its documented enabled state handler and fail-closed behavior,output-evidence/ui-v031/UI-CC-2026-07-21-G4B/W8/cta-row-proof-20260723/rows/CTA-P1-06-SAVE.json,C70108E8E56BCC1A7C5490A1CB3612722E9365D064039EBCD8D7864A657C53EC,CTA_ROW_EXECUTION_MANIFEST,PASS,CTA-P1-06-SAVE,TRUE,callback:submitPetForm,N/A,N/A,pets,2026-07-22T17:50:00+07:00,Codex deterministic evidence reconciliation; Product Owner G4B sign-off pending,cta-denominator;current_enabled=CONDITIONAL;test_status=PASS;proof_id=docs/qa/ui-v031/cta_matrix.csv#CTA-P1-06-SAVE;cta_test_status=PASS;execution_overlay=docs/qa/ui-v031/ui_v031_trace_execution_overlay.csv
UI031-TRACE-CTA-P1-06-BACK,UI031-ACTION-CTA-P1-06-BACK,N/A,P1-06,N/A,action:back,N/A,BOTH,390x844,1.0,mobile/test/features/pets/pet_screens_day18_test.dart#P1-06 preserves an unfinished draft after leaving the form,N/A,N/A,442:151,N/A,CTA-P1-06-BACK matches its documented enabled state handler and fail-closed behavior,output-evidence/ui-v031/UI-CC-2026-07-21-G4B/W8/cta-row-proof-20260723/rows/CTA-P1-06-BACK.json,02B198C45CC733EC9850622EE3BF28EABE67D0ADC49FF7EB7A7A4C11F64E61C0,CTA_ROW_EXECUTION_MANIFEST,PASS,CTA-P1-06-BACK,TRUE,callback:popOrSafeReturn,N/A,N/A,pets,2026-07-22T17:50:00+07:00,Codex deterministic evidence reconciliation; Product Owner G4B sign-off pending,cta-denominator;current_enabled=TRUE;test_status=PASS;proof_id=docs/qa/ui-v031/cta_matrix.csv#CTA-P1-06-BACK;cta_test_status=PASS;execution_overlay=docs/qa/ui-v031/ui_v031_trace_execution_overlay.csv
UI031-TRACE-CTA-P1-07-PROFILE,UI031-ACTION-CTA-P1-07-PROFILE,N/A,P1-07,RT-022,/profile,N/A,BOTH,390x844,1.0,mobile/test/app/router/stateful_shell_navigation_test.dart#five shell branches retain child history and active-tab reselect pops home,N/A,N/A,442:198,N/A,CTA-P1-07-PROFILE matches its documented enabled state handler and fail-closed behavior,output-evidence/ui-v031/UI-CC-2026-07-21-G4B/W8/cta-row-proof-20260723/rows/CTA-P1-07-PROFILE.json,CDA2638DD8E42965418E4877EC91781BFDC083D9F4E3C5D22948C534E340A6B1,CTA_ROW_EXECUTION_MANIFEST,PASS,CTA-P1-07-PROFILE,TRUE,callback:selectShellBranch(PROFILE),N/A,N/A,pets,2026-07-22T17:50:00+07:00,Codex deterministic evidence reconciliation; Product Owner G4B sign-off pending,cta-denominator;current_enabled=TRUE;test_status=PASS;proof_id=docs/qa/ui-v031/cta_matrix.csv#CTA-P1-07-PROFILE;cta_test_status=PASS;execution_overlay=docs/qa/ui-v031/ui_v031_trace_execution_overlay.csv
UI031-TRACE-CTA-P1-07-NOTIFICATIONS,UI031-ACTION-CTA-P1-07-NOTIFICATIONS,P1-IM-020-NAV,P1-07,RT-017,/notifications,N/A,BOTH,390x844,1.0,mobile/test/app/router/app_router_contract_test.dart#production router exposes the canonical route inventory,N/A,N/A,442:198,N/A,CTA-P1-07-NOTIFICATIONS matches its documented enabled state handler and fail-closed behavior,output-evidence/ui-v031/UI-CC-2026-07-21-G4B/W8/cta-row-proof-20260723/rows/CTA-P1-07-NOTIFICATIONS.json,6BC7084C993DAF89C178F984BBF27CDAEA374D2CC443F893C7F193424B0BC089,CTA_ROW_EXECUTION_MANIFEST,PASS,CTA-P1-07-NOTIFICATIONS,TRUE,route:/notifications,N/A,N/A,pets,2026-07-22T17:50:00+07:00,Codex deterministic evidence reconciliation; Product Owner G4B sign-off pending,cta-denominator;current_enabled=TRUE;test_status=PASS;proof_id=docs/qa/ui-v031/cta_matrix.csv#CTA-P1-07-NOTIFICATIONS;cta_test_status=PASS;execution_overlay=docs/qa/ui-v031/ui_v031_trace_execution_overlay.csv
UI031-TRACE-CTA-P1-07-SEARCH,UI031-ACTION-CTA-P1-07-SEARCH,N/A,P1-07,RT-007,/pets/list,N/A,BOTH,390x844,1.0,mobile/test/app/router/app_router_contract_test.dart#production router exposes the canonical route inventory,N/A,N/A,442:198,N/A,CTA-P1-07-SEARCH matches its documented enabled state handler and fail-closed behavior,output-evidence/ui-v031/UI-CC-2026-07-21-G4B/W8/cta-row-proof-20260723/rows/CTA-P1-07-SEARCH.json,03A6E6917296CB65989E89CBADF2CBFB7BFC7F80B4C6BFC846055FCCC3312C04,CTA_ROW_EXECUTION_MANIFEST,PASS,CTA-P1-07-SEARCH,TRUE,route:/pets/list,N/A,N/A,pets,2026-07-22T17:50:00+07:00,Codex deterministic evidence reconciliation; Product Owner G4B sign-off pending,cta-denominator;current_enabled=TRUE;test_status=PASS;proof_id=docs/qa/ui-v031/cta_matrix.csv#CTA-P1-07-SEARCH;cta_test_status=PASS;execution_overlay=docs/qa/ui-v031/ui_v031_trace_execution_overlay.csv
UI031-TRACE-CTA-P1-07-PET-DETAIL,UI031-ACTION-CTA-P1-07-PET-DETAIL,P1-IM-007-NAV,P1-07,RT-010,/pets/:id,N/A,BOTH,390x844,1.0,mobile/test/app/router/app_router_contract_test.dart#production router exposes the canonical route inventory,N/A,N/A,442:198,N/A,CTA-P1-07-PET-DETAIL matches its documented enabled state handler and fail-closed behavior,output-evidence/ui-v031/UI-CC-2026-07-21-G4B/W8/cta-row-proof-20260723/rows/CTA-P1-07-PET-DETAIL.json,20E7A80F1AE5BF6E5613D2BF090A646BE3E9E902CB1F9B944D3384F1B3277DD3,CTA_ROW_EXECUTION_MANIFEST,PASS,CTA-P1-07-PET-DETAIL,TRUE,route:/pets/:id,N/A,N/A,pets,2026-07-22T17:50:00+07:00,Codex deterministic evidence reconciliation; Product Owner G4B sign-off pending,cta-denominator;current_enabled=CONDITIONAL;test_status=PASS;proof_id=docs/qa/ui-v031/cta_matrix.csv#CTA-P1-07-PET-DETAIL;cta_test_status=PASS;execution_overlay=docs/qa/ui-v031/ui_v031_trace_execution_overlay.csv
UI031-TRACE-CTA-P1-07-ADD-PET,UI031-ACTION-CTA-P1-07-ADD-PET,P1-IM-008-NAV,P1-07,RT-008,/pets/create,N/A,BOTH,390x844,1.0,mobile/test/app/router/app_router_contract_test.dart#production router exposes the canonical route inventory,N/A,N/A,442:198,N/A,CTA-P1-07-ADD-PET matches its documented enabled state handler and fail-closed behavior,output-evidence/ui-v031/UI-CC-2026-07-21-G4B/W8/cta-row-proof-20260723/rows/CTA-P1-07-ADD-PET.json,C4E1653DD583C7696D774AC480CFC5B2390AD80590E6C05E3AE6853DAD7D647D,CTA_ROW_EXECUTION_MANIFEST,PASS,CTA-P1-07-ADD-PET,TRUE,route:/pets/create,N/A,N/A,pets,2026-07-22T17:50:00+07:00,Codex deterministic evidence reconciliation; Product Owner G4B sign-off pending,cta-denominator;current_enabled=TRUE;test_status=PASS;proof_id=docs/qa/ui-v031/cta_matrix.csv#CTA-P1-07-ADD-PET;cta_test_status=PASS;execution_overlay=docs/qa/ui-v031/ui_v031_trace_execution_overlay.csv
UI031-TRACE-CTA-P1-07-HEALTH,UI031-ACTION-CTA-P1-07-HEALTH,P1-IM-017-NAV,P1-07,RT-014,/health,N/A,BOTH,390x844,1.0,mobile/test/app/router/stateful_shell_navigation_test.dart#five shell branches retain child history and active-tab reselect pops home,N/A,N/A,442:198,N/A,CTA-P1-07-HEALTH matches its documented enabled state handler and fail-closed behavior,output-evidence/ui-v031/UI-CC-2026-07-21-G4B/W8/cta-row-proof-20260723/rows/CTA-P1-07-HEALTH.json,D7BA05C2A9B1DC00C6F30435888AD147534DD0BDBAA28B559AF0A6CE6D41C2BD,CTA_ROW_EXECUTION_MANIFEST,PASS,CTA-P1-07-HEALTH,TRUE,callback:selectShellBranch(HEALTH),N/A,N/A,pets,2026-07-22T17:50:00+07:00,Codex deterministic evidence reconciliation; Product Owner G4B sign-off pending,cta-denominator;current_enabled=TRUE;test_status=PASS;proof_id=docs/qa/ui-v031/cta_matrix.csv#CTA-P1-07-HEALTH;cta_test_status=PASS;execution_overlay=docs/qa/ui-v031/ui_v031_trace_execution_overlay.csv
UI031-TRACE-CTA-P1-07-REMINDER,UI031-ACTION-CTA-P1-07-REMINDER,P1-IM-017-NAV,P1-07,RT-016,/health/reminders,N/A,BOTH,390x844,1.0,mobile/test/app/router/app_router_contract_test.dart#production router exposes the canonical route inventory,N/A,N/A,442:198,N/A,CTA-P1-07-REMINDER matches its documented enabled state handler and fail-closed behavior,output-evidence/ui-v031/UI-CC-2026-07-21-G4B/W8/cta-row-proof-20260723/rows/CTA-P1-07-REMINDER.json,51611D92A20DD46942AB53F57D31C590CCD4317CA5969C029892BAEB1909AFF7,CTA_ROW_EXECUTION_MANIFEST,PASS,CTA-P1-07-REMINDER,TRUE,route:/health/reminders,N/A,N/A,pets,2026-07-22T17:50:00+07:00,Codex deterministic evidence reconciliation; Product Owner G4B sign-off pending,cta-denominator;current_enabled=TRUE;test_status=PASS;proof_id=docs/qa/ui-v031/cta_matrix.csv#CTA-P1-07-REMINDER;cta_test_status=PASS;execution_overlay=docs/qa/ui-v031/ui_v031_trace_execution_overlay.csv
UI031-TRACE-CTA-P1-07-DISMISS-REMINDER,UI031-ACTION-CTA-P1-07-DISMISS-REMINDER,N/A,P1-07,N/A,action:dismiss-reminder,N/A,BOTH,390x844,1.0,mobile/test/features/pets/pet_navigation_test.dart#Pet home defer CTA snoozes a real reminder by one hour,N/A,N/A,442:198,N/A,CTA-P1-07-DISMISS-REMINDER matches its documented enabled state handler and fail-closed behavior,output-evidence/ui-v031/UI-CC-2026-07-21-G4B/W6/B/root-verification/codex-rtk-safe-20260721-182731-d5444ca8.raw.txt,981C814AC4D525034918954B8F32068D25923CC657AF529A0D8FCAF4EB271F92,CTA_FOCUSED_TEST,PASS,CTA-P1-07-DISMISS-REMINDER,TRUE,callback:dismissReminderForSession,N/A,N/A,pets,2026-07-22T17:50:00+07:00,Codex deterministic evidence reconciliation; Product Owner G4B sign-off pending,cta-denominator;current_enabled=TRUE;test_status=PASS;proof_id=docs/qa/ui-v031/cta_matrix.csv#CTA-P1-07-DISMISS-REMINDER;cta_test_status=PASS;execution_overlay=docs/qa/ui-v031/ui_v031_trace_execution_overlay.csv
UI031-TRACE-CTA-P1-07-RESCUE,UI031-ACTION-CTA-P1-07-RESCUE,N/A,P1-07,RT-023,/rescue,N/A,BOTH,390x844,1.0,mobile/test/app/router/stateful_shell_navigation_test.dart#five shell branches retain child history and active-tab reselect pops home,N/A,N/A,442:198,N/A,CTA-P1-07-RESCUE matches its documented enabled state handler and fail-closed behavior,output-evidence/ui-v031/UI-CC-2026-07-21-G4B/W8/cta-row-proof-20260723/rows/CTA-P1-07-RESCUE.json,FE8052B7B25BED2633C3936309905E206052477DAA316C1ADBB5083DF0EC4091,CTA_ROW_EXECUTION_MANIFEST,PASS,CTA-P1-07-RESCUE,TRUE,callback:selectShellBranch(RESCUE),PAWMATE_RESCUE_BROWSE_ENABLED=false,N/A,pets,2026-07-22T17:50:00+07:00,Codex deterministic evidence reconciliation; Product Owner G4B sign-off pending,cta-denominator;current_enabled=TRUE;test_status=PASS;proof_id=docs/qa/ui-v031/cta_matrix.csv#CTA-P1-07-RESCUE;cta_test_status=PASS;execution_overlay=docs/qa/ui-v031/ui_v031_trace_execution_overlay.csv
UI031-TRACE-CTA-P1-07-FIND-VET,UI031-ACTION-CTA-P1-07-FIND-VET,P1-IM-011-NAV,P1-07,RT-011,/vets/map,N/A,BOTH,390x844,1.0,mobile/test/app/router/stateful_shell_navigation_test.dart#five shell branches retain child history and active-tab reselect pops home,N/A,N/A,442:198,N/A,CTA-P1-07-FIND-VET matches its documented enabled state handler and fail-closed behavior,output-evidence/ui-v031/UI-CC-2026-07-21-G4B/W8/cta-row-proof-20260723/rows/CTA-P1-07-FIND-VET.json,D99FC03F78BFEA68F2C9895853F6E21D3801C2BB5D0368344CF29DFE497476D2,CTA_ROW_EXECUTION_MANIFEST,PASS,CTA-P1-07-FIND-VET,TRUE,callback:selectShellBranch(VET),N/A,N/A,pets,2026-07-22T17:50:00+07:00,Codex deterministic evidence reconciliation; Product Owner G4B sign-off pending,cta-denominator;current_enabled=TRUE;test_status=PASS;proof_id=docs/qa/ui-v031/cta_matrix.csv#CTA-P1-07-FIND-VET;cta_test_status=PASS;execution_overlay=docs/qa/ui-v031/ui_v031_trace_execution_overlay.csv
UI031-TRACE-CTA-P1-07-VET-DETAIL,UI031-ACTION-CTA-P1-07-VET-DETAIL,P1-IM-011-NAV,P1-07,RT-013,/vets/:id,N/A,BOTH,390x844,1.0,mobile/test/app/router/app_router_contract_test.dart#production router exposes the canonical route inventory,N/A,N/A,442:198,N/A,CTA-P1-07-VET-DETAIL matches its documented enabled state handler and fail-closed behavior,output-evidence/ui-v031/UI-CC-2026-07-21-G4B/W8/cta-row-proof-20260723/rows/CTA-P1-07-VET-DETAIL.json,EBF393D049A167133BE399098680F8339DCE1AB500DD6FE5F3B702080FE842A9,CTA_ROW_EXECUTION_MANIFEST,PASS,CTA-P1-07-VET-DETAIL,TRUE,route:/vets/:id,N/A,N/A,pets,2026-07-22T17:50:00+07:00,Codex deterministic evidence reconciliation; Product Owner G4B sign-off pending,cta-denominator;current_enabled=TRUE;test_status=PASS;proof_id=docs/qa/ui-v031/cta_matrix.csv#CTA-P1-07-VET-DETAIL;cta_test_status=PASS;execution_overlay=docs/qa/ui-v031/ui_v031_trace_execution_overlay.csv
UI031-TRACE-CTA-P1-07-ADOPTION,UI031-ACTION-CTA-P1-07-ADOPTION,N/A,P1-07,RT-019,/adoption,N/A,BOTH,390x844,1.0,mobile/test/app/router/app_router_contract_test.dart#production router exposes the canonical route inventory,N/A,N/A,442:198,N/A,CTA-P1-07-ADOPTION matches its documented enabled state handler and fail-closed behavior,output-evidence/ui-v031/UI-CC-2026-07-21-G4B/W8/cta-row-proof-20260723/rows/CTA-P1-07-ADOPTION.json,CD2142D69072B29AB74991484ED7951381A2ADCAC4D33EF8D02ED4112362E0B5,CTA_ROW_EXECUTION_MANIFEST,PASS,CTA-P1-07-ADOPTION,TRUE,route:/adoption,N/A,N/A,pets,2026-07-22T17:50:00+07:00,Codex deterministic evidence reconciliation; Product Owner G4B sign-off pending,cta-denominator;current_enabled=TRUE;test_status=PASS;proof_id=docs/qa/ui-v031/cta_matrix.csv#CTA-P1-07-ADOPTION;cta_test_status=PASS;execution_overlay=docs/qa/ui-v031/ui_v031_trace_execution_overlay.csv
UI031-TRACE-CTA-P1-08-NOTIFICATIONS,UI031-ACTION-CTA-P1-08-NOTIFICATIONS,P1-IM-020-NAV,P1-08,RT-017,/notifications,N/A,BOTH,390x844,1.0,mobile/test/app/router/app_router_contract_test.dart#production router exposes the canonical route inventory,N/A,N/A,442:275,N/A,CTA-P1-08-NOTIFICATIONS matches its documented enabled state handler and fail-closed behavior,output-evidence/ui-v031/UI-CC-2026-07-21-G4B/W8/cta-row-proof-20260723/rows/CTA-P1-08-NOTIFICATIONS.json,BD08FF2416CDBB09D3E4A053A3786DBFD9B13C980847857BD87686D626669A54,CTA_ROW_EXECUTION_MANIFEST,PASS,CTA-P1-08-NOTIFICATIONS,TRUE,route:/notifications,N/A,N/A,vets,2026-07-22T17:50:00+07:00,Codex deterministic evidence reconciliation; Product Owner G4B sign-off pending,cta-denominator;current_enabled=TRUE;test_status=PASS;proof_id=docs/qa/ui-v031/cta_matrix.csv#CTA-P1-08-NOTIFICATIONS;cta_test_status=PASS;execution_overlay=docs/qa/ui-v031/ui_v031_trace_execution_overlay.csv
UI031-TRACE-CTA-P1-08-SEARCH,UI031-ACTION-CTA-P1-08-SEARCH,P1-IM-012-NAV,P1-08,RT-012,/vets/list,N/A,BOTH,390x844,1.0,mobile/test/app/router/app_router_contract_test.dart#production router exposes the canonical route inventory,N/A,N/A,442:275,N/A,CTA-P1-08-SEARCH matches its documented enabled state handler and fail-closed behavior,output-evidence/ui-v031/UI-CC-2026-07-21-G4B/W8/cta-row-proof-20260723/rows/CTA-P1-08-SEARCH.json,28B939B2D413B2A3D77687F812A4131BDD226CE82107643AF6ABAC3FC089B74B,CTA_ROW_EXECUTION_MANIFEST,PASS,CTA-P1-08-SEARCH,TRUE,route:/vets/list,N/A,N/A,vets,2026-07-22T17:50:00+07:00,Codex deterministic evidence reconciliation; Product Owner G4B sign-off pending,cta-denominator;current_enabled=TRUE;test_status=PASS;proof_id=docs/qa/ui-v031/cta_matrix.csv#CTA-P1-08-SEARCH;cta_test_status=PASS;execution_overlay=docs/qa/ui-v031/ui_v031_trace_execution_overlay.csv
UI031-TRACE-CTA-P1-08-FILTER,UI031-ACTION-CTA-P1-08-FILTER,P1-IM-012-NAV,P1-08,RT-012,/vets/list,N/A,BOTH,390x844,1.0,mobile/test/app/router/app_router_contract_test.dart#production router exposes the canonical route inventory,N/A,N/A,442:275,N/A,CTA-P1-08-FILTER matches its documented enabled state handler and fail-closed behavior,output-evidence/ui-v031/UI-CC-2026-07-21-G4B/W8/cta-row-proof-20260723/rows/CTA-P1-08-FILTER.json,B98F406EAA23A9294EE0680174256EB8249543D5432A79BF6B82A4DE4DC9F757,CTA_ROW_EXECUTION_MANIFEST,PASS,CTA-P1-08-FILTER,TRUE,route:/vets/list,N/A,N/A,vets,2026-07-22T17:50:00+07:00,Codex deterministic evidence reconciliation; Product Owner G4B sign-off pending,cta-denominator;current_enabled=TRUE;test_status=PASS;proof_id=docs/qa/ui-v031/cta_matrix.csv#CTA-P1-08-FILTER;cta_test_status=PASS;execution_overlay=docs/qa/ui-v031/ui_v031_trace_execution_overlay.csv
UI031-TRACE-CTA-P1-08-VIEW-ALL,UI031-ACTION-CTA-P1-08-VIEW-ALL,P1-IM-012-NAV,P1-08,RT-012,/vets/list,N/A,BOTH,390x844,1.0,mobile/test/app/router/app_router_contract_test.dart#production router exposes the canonical route inventory,N/A,N/A,442:275,N/A,CTA-P1-08-VIEW-ALL matches its documented enabled state handler and fail-closed behavior,output-evidence/ui-v031/UI-CC-2026-07-21-G4B/W8/cta-row-proof-20260723/rows/CTA-P1-08-VIEW-ALL.json,64CEE61F880421F0E2CD2BBFEC87EA047EF4235BACE16299D8258A89E930ABD1,CTA_ROW_EXECUTION_MANIFEST,PASS,CTA-P1-08-VIEW-ALL,TRUE,route:/vets/list,N/A,N/A,vets,2026-07-22T17:50:00+07:00,Codex deterministic evidence reconciliation; Product Owner G4B sign-off pending,cta-denominator;current_enabled=TRUE;test_status=PASS;proof_id=docs/qa/ui-v031/cta_matrix.csv#CTA-P1-08-VIEW-ALL;cta_test_status=PASS;execution_overlay=docs/qa/ui-v031/ui_v031_trace_execution_overlay.csv
UI031-TRACE-CTA-P1-08-VET-DETAIL,UI031-ACTION-CTA-P1-08-VET-DETAIL,P1-IM-012-NAV,P1-08,RT-013,/vets/:id,N/A,BOTH,390x844,1.0,mobile/test/app/router/app_router_contract_test.dart#production router exposes the canonical route inventory,N/A,N/A,442:275,N/A,CTA-P1-08-VET-DETAIL matches its documented enabled state handler and fail-closed behavior,output-evidence/ui-v031/UI-CC-2026-07-21-G4B/W8/cta-row-proof-20260723/rows/CTA-P1-08-VET-DETAIL.json,F8B5B6FF2517E0596C142A0A0E8A1CE54224682657F558A870806DBB1C3E0503,CTA_ROW_EXECUTION_MANIFEST,PASS,CTA-P1-08-VET-DETAIL,TRUE,route:/vets/:id,N/A,N/A,vets,2026-07-22T17:50:00+07:00,Codex deterministic evidence reconciliation; Product Owner G4B sign-off pending,cta-denominator;current_enabled=CONDITIONAL;test_status=PASS;proof_id=docs/qa/ui-v031/cta_matrix.csv#CTA-P1-08-VET-DETAIL;cta_test_status=PASS;execution_overlay=docs/qa/ui-v031/ui_v031_trace_execution_overlay.csv
UI031-TRACE-CTA-P1-08-ENABLE-LOCATION,UI031-ACTION-CTA-P1-08-ENABLE-LOCATION,N/A,P1-08,N/A,action:request-location,N/A,BOTH,390x844,1.0,mobile/test/features/vets/vet_map_screen_test.dart#shows permission denied state on map screen,N/A,N/A,442:275,N/A,CTA-P1-08-ENABLE-LOCATION matches its documented enabled state handler and fail-closed behavior,output-evidence/ui-v031/UI-CC-2026-07-21-G4B/W8/cta-row-proof-20260723/rows/CTA-P1-08-ENABLE-LOCATION.json,C70732BF72165106BF43F7B89495EB219E43DD5CFECB580D9E3187898E7081BD,CTA_ROW_EXECUTION_MANIFEST,PASS,CTA-P1-08-ENABLE-LOCATION,TRUE,command:requestLocationPermission,N/A,N/A,vets,2026-07-22T17:50:00+07:00,Codex deterministic evidence reconciliation; Product Owner G4B sign-off pending,cta-denominator;current_enabled=CONDITIONAL;test_status=PASS;proof_id=docs/qa/ui-v031/cta_matrix.csv#CTA-P1-08-ENABLE-LOCATION;cta_test_status=PASS;execution_overlay=docs/qa/ui-v031/ui_v031_trace_execution_overlay.csv
UI031-TRACE-CTA-P1-08-PREVIEW-CALL,UI031-ACTION-CTA-P1-08-PREVIEW-CALL,P1-IM-014-NAV,P1-08,N/A,native:tel,N/A,BOTH,390x844,1.0,mobile/test/features/vets/vet_map_screen_test.dart#preview sheet action callbacks are individually tappable,N/A,N/A,442:275,N/A,CTA-P1-08-PREVIEW-CALL matches its documented enabled state handler and fail-closed behavior,output-evidence/ui-v031/UI-CC-2026-07-21-G4B/W8/cta-row-proof-20260723/rows/CTA-P1-08-PREVIEW-CALL.json,36D3205B0DCD2FFC703FA89D80B287B5461AEAF510FCA00C00A4579E824DC295,CTA_ROW_EXECUTION_MANIFEST,PASS,CTA-P1-08-PREVIEW-CALL,TRUE,command:launchVetCall,N/A,N/A,vets,2026-07-22T17:50:00+07:00,Codex deterministic evidence reconciliation; Product Owner G4B sign-off pending,cta-denominator;current_enabled=CONDITIONAL;test_status=PASS;proof_id=docs/qa/ui-v031/cta_matrix.csv#CTA-P1-08-PREVIEW-CALL;cta_test_status=PASS;execution_overlay=docs/qa/ui-v031/ui_v031_trace_execution_overlay.csv
UI031-TRACE-CTA-P1-08-PREVIEW-DIRECTIONS,UI031-ACTION-CTA-P1-08-PREVIEW-DIRECTIONS,P1-IM-015-NAV,P1-08,N/A,native:maps,N/A,BOTH,390x844,1.0,mobile/test/features/vets/vet_map_screen_test.dart#preview sheet action callbacks are individually tappable,N/A,N/A,442:275,N/A,CTA-P1-08-PREVIEW-DIRECTIONS matches its documented enabled state handler and fail-closed behavior,output-evidence/ui-v031/UI-CC-2026-07-21-G4B/W8/cta-row-proof-20260723/rows/CTA-P1-08-PREVIEW-DIRECTIONS.json,C50CD1FD55A0A7465554A44C72A7DAB09C1F13DD396E34DA2CA717B1E5F24582,CTA_ROW_EXECUTION_MANIFEST,PASS,CTA-P1-08-PREVIEW-DIRECTIONS,TRUE,command:launchVetDirections,N/A,N/A,vets,2026-07-22T17:50:00+07:00,Codex deterministic evidence reconciliation; Product Owner G4B sign-off pending,cta-denominator;current_enabled=CONDITIONAL;test_status=PASS;proof_id=docs/qa/ui-v031/cta_matrix.csv#CTA-P1-08-PREVIEW-DIRECTIONS;cta_test_status=PASS;execution_overlay=docs/qa/ui-v031/ui_v031_trace_execution_overlay.csv
UI031-TRACE-CTA-P1-09-BACK,UI031-ACTION-CTA-P1-09-BACK,N/A,P1-09,RT-006,/pets,N/A,BOTH,390x844,1.0,mobile/test/features/vets/vet_screens_test.dart#renders v0.27 vet list shell on mobile viewport without overflow,N/A,N/A,442:357,N/A,CTA-P1-09-BACK matches its documented enabled state handler and fail-closed behavior,output-evidence/ui-v031/UI-CC-2026-07-21-G4B/W8/cta-row-proof-20260723/rows/CTA-P1-09-BACK.json,3209E3207ADDC4A74A809E0F89F458C1404BC259CADE7F1979E4CCDEC983A607,CTA_ROW_EXECUTION_MANIFEST,PASS,CTA-P1-09-BACK,TRUE,callback:popVetBranchOrHome,N/A,N/A,vets,2026-07-22T17:50:00+07:00,Codex deterministic evidence reconciliation; Product Owner G4B sign-off pending,cta-denominator;current_enabled=TRUE;test_status=PASS;proof_id=docs/qa/ui-v031/cta_matrix.csv#CTA-P1-09-BACK;cta_test_status=PASS;execution_overlay=docs/qa/ui-v031/ui_v031_trace_execution_overlay.csv
UI031-TRACE-CTA-P1-09-MAP,UI031-ACTION-CTA-P1-09-MAP,P1-IM-012-NAV,P1-09,RT-011,/vets/map,N/A,BOTH,390x844,1.0,mobile/test/features/vets/vet_screens_test.dart#renders v0.27 vet list shell on mobile viewport without overflow,N/A,N/A,442:357,N/A,CTA-P1-09-MAP matches its documented enabled state handler and fail-closed behavior,output-evidence/ui-v031/UI-CC-2026-07-21-G4B/W8/cta-row-proof-20260723/rows/CTA-P1-09-MAP.json,CDCB3EA5964DC32DB5B6F5E567D226A2F967CE001755E65DA9EA3A5C67355654,CTA_ROW_EXECUTION_MANIFEST,PASS,CTA-P1-09-MAP,TRUE,callback:popVetBranchToRoot,N/A,N/A,vets,2026-07-22T17:50:00+07:00,Codex deterministic evidence reconciliation; Product Owner G4B sign-off pending,cta-denominator;current_enabled=TRUE;test_status=PASS;proof_id=docs/qa/ui-v031/cta_matrix.csv#CTA-P1-09-MAP;cta_test_status=PASS;execution_overlay=docs/qa/ui-v031/ui_v031_trace_execution_overlay.csv
UI031-TRACE-CTA-P1-09-VET-DETAIL,UI031-ACTION-CTA-P1-09-VET-DETAIL,P1-IM-013-NAV,P1-09,RT-013,/vets/:id,N/A,BOTH,390x844,1.0,mobile/test/app/router/app_router_contract_test.dart#production router exposes the canonical route inventory,N/A,N/A,442:357,N/A,CTA-P1-09-VET-DETAIL matches its documented enabled state handler and fail-closed behavior,output-evidence/ui-v031/UI-CC-2026-07-21-G4B/W8/cta-row-proof-20260723/rows/CTA-P1-09-VET-DETAIL.json,0AFC0A299D37FA8CB8506D4F6567DC803D845524B8C5BC421E2C16BEA62D5263,CTA_ROW_EXECUTION_MANIFEST,PASS,CTA-P1-09-VET-DETAIL,TRUE,route:/vets/:id,N/A,N/A,vets,2026-07-22T17:50:00+07:00,Codex deterministic evidence reconciliation; Product Owner G4B sign-off pending,cta-denominator;current_enabled=CONDITIONAL;test_status=PASS;proof_id=docs/qa/ui-v031/cta_matrix.csv#CTA-P1-09-VET-DETAIL;cta_test_status=PASS;execution_overlay=docs/qa/ui-v031/ui_v031_trace_execution_overlay.csv
UI031-TRACE-CTA-P1-10-BACK,UI031-ACTION-CTA-P1-10-BACK,N/A,P1-10,N/A,action:back,N/A,BOTH,390x844,1.0,mobile/test/features/vets/vet_detail_navigation_test.dart#Vet Detail back returns to the source Map route,N/A,N/A,442:430,N/A,CTA-P1-10-BACK matches its documented enabled state handler and fail-closed behavior,output-evidence/ui-v031/UI-CC-2026-07-21-G4B/W8/cta-row-proof-20260723/rows/CTA-P1-10-BACK.json,9EAD82C4C088F056A20ACD696C407CAFE5F37E86ECCB7149C808C72423A3EB1C,CTA_ROW_EXECUTION_MANIFEST,PASS,CTA-P1-10-BACK,TRUE,callback:popOrSafeVetReturn,N/A,N/A,vets,2026-07-22T17:50:00+07:00,Codex deterministic evidence reconciliation; Product Owner G4B sign-off pending,cta-denominator;current_enabled=TRUE;test_status=PASS;proof_id=docs/qa/ui-v031/cta_matrix.csv#CTA-P1-10-BACK;cta_test_status=PASS;execution_overlay=docs/qa/ui-v031/ui_v031_trace_execution_overlay.csv
UI031-TRACE-CTA-P1-10-SHARE,UI031-ACTION-CTA-P1-10-SHARE,N/A,P1-10,N/A,external:share,N/A,BOTH,390x844,1.0,mobile/test/features/vets/vet_detail_navigation_test.dart#Vet Detail share action copies real clinic details,N/A,N/A,442:430,N/A,CTA-P1-10-SHARE matches its documented enabled state handler and fail-closed behavior,output-evidence/ui-v031/UI-CC-2026-07-21-G4B/W8/cta-row-proof-20260723/rows/CTA-P1-10-SHARE.json,B5540F8FD2EB181FBEBD2CA511D0B5F879FB1A901666507F2D41BC43437EA4DE,CTA_ROW_EXECUTION_MANIFEST,PASS,CTA-P1-10-SHARE,TRUE,command:shareVet,N/A,N/A,vets,2026-07-22T17:50:00+07:00,Codex deterministic evidence reconciliation; Product Owner G4B sign-off pending,cta-denominator;current_enabled=CONDITIONAL;test_status=PASS;proof_id=docs/qa/ui-v031/cta_matrix.csv#CTA-P1-10-SHARE;cta_test_status=PASS;execution_overlay=docs/qa/ui-v031/ui_v031_trace_execution_overlay.csv
UI031-TRACE-CTA-P1-10-CALL,UI031-ACTION-CTA-P1-10-CALL,P1-IM-014-NAV,P1-10,N/A,native:tel,N/A,BOTH,390x844,1.0,mobile/test/features/vets/vet_map_screen_test.dart#preview sheet action callbacks are individually tappable,N/A,N/A,442:430,N/A,CTA-P1-10-CALL matches its documented enabled state handler and fail-closed behavior,output-evidence/ui-v031/UI-CC-2026-07-21-G4B/W8/cta-row-proof-20260723/rows/CTA-P1-10-CALL.json,52CFF7B498A589A1240E3E1B7A6CA0B63F140C7B2223DB65396686D995CD477E,CTA_ROW_EXECUTION_MANIFEST,PASS,CTA-P1-10-CALL,TRUE,command:launchVetCall,N/A,N/A,vets,2026-07-22T17:50:00+07:00,Codex deterministic evidence reconciliation; Product Owner G4B sign-off pending,cta-denominator;current_enabled=CONDITIONAL;test_status=PASS;proof_id=docs/qa/ui-v031/cta_matrix.csv#CTA-P1-10-CALL;cta_test_status=PASS;execution_overlay=docs/qa/ui-v031/ui_v031_trace_execution_overlay.csv
UI031-TRACE-CTA-P1-10-DIRECTIONS,UI031-ACTION-CTA-P1-10-DIRECTIONS,P1-IM-015-NAV,P1-10,N/A,native:maps,N/A,BOTH,390x844,1.0,mobile/test/features/vets/vet_map_screen_test.dart#preview sheet action callbacks are individually tappable,N/A,N/A,442:430,N/A,CTA-P1-10-DIRECTIONS matches its documented enabled state handler and fail-closed behavior,output-evidence/ui-v031/UI-CC-2026-07-21-G4B/W8/cta-row-proof-20260723/rows/CTA-P1-10-DIRECTIONS.json,E67F607239139A8D8CB29B77D06180B1492EE26A440DA96E5D0CFAE4E72CF6CA,CTA_ROW_EXECUTION_MANIFEST,PASS,CTA-P1-10-DIRECTIONS,TRUE,command:launchVetDirections,N/A,N/A,vets,2026-07-22T17:50:00+07:00,Codex deterministic evidence reconciliation; Product Owner G4B sign-off pending,cta-denominator;current_enabled=CONDITIONAL;test_status=PASS;proof_id=docs/qa/ui-v031/cta_matrix.csv#CTA-P1-10-DIRECTIONS;cta_test_status=PASS;execution_overlay=docs/qa/ui-v031/ui_v031_trace_execution_overlay.csv
UI031-TRACE-CTA-P1-10-REVIEW,UI031-ACTION-CTA-P1-10-REVIEW,P1-IM-016-NAV,P1-10,RT-036,modal:vet-review,N/A,BOTH,390x844,1.0,mobile/test/features/vets/vet_screens_test.dart#submits write review with auth token after rating validation,N/A,N/A,442:430,N/A,CTA-P1-10-REVIEW matches its documented enabled state handler and fail-closed behavior,output-evidence/ui-v031/UI-CC-2026-07-21-G4B/W8/cta-row-proof-20260723/rows/CTA-P1-10-REVIEW.json,AA987D45317ECE8EA1D6ADC9C19B86F4CE43DC1EFFA4B410CE028A701AD42674,CTA_ROW_EXECUTION_MANIFEST,PASS,CTA-P1-10-REVIEW,TRUE,overlay:openVetReview,N/A,N/A,vets,2026-07-22T17:50:00+07:00,Codex deterministic evidence reconciliation; Product Owner G4B sign-off pending,cta-denominator;current_enabled=TRUE;test_status=PASS;proof_id=docs/qa/ui-v031/cta_matrix.csv#CTA-P1-10-REVIEW;cta_test_status=PASS;execution_overlay=docs/qa/ui-v031/ui_v031_trace_execution_overlay.csv
UI031-TRACE-CTA-P1-11-SUBMIT,UI031-ACTION-CTA-P1-11-SUBMIT,P1-IM-016-NAV,P1-11,N/A,action:submit-vet-review,N/A,BOTH,390x844,1.0,mobile/test/features/vets/vet_screens_test.dart#submits write review with auth token after rating validation,N/A,N/A,442:473,N/A,CTA-P1-11-SUBMIT matches its documented enabled state handler and fail-closed behavior,output-evidence/ui-v031/UI-CC-2026-07-21-G4B/W8/cta-row-proof-20260723/rows/CTA-P1-11-SUBMIT.json,06410063622B03C2EF088A13540E5CA2BED63930775550C4123F8FD57C6CDCEF,CTA_ROW_EXECUTION_MANIFEST,PASS,CTA-P1-11-SUBMIT,TRUE,callback:submitVetReview,N/A,N/A,vets,2026-07-22T17:50:00+07:00,Codex deterministic evidence reconciliation; Product Owner G4B sign-off pending,cta-denominator;current_enabled=CONDITIONAL;test_status=PASS;proof_id=docs/qa/ui-v031/cta_matrix.csv#CTA-P1-11-SUBMIT;cta_test_status=PASS;execution_overlay=docs/qa/ui-v031/ui_v031_trace_execution_overlay.csv
UI031-TRACE-CTA-P1-11-CLOSE,UI031-ACTION-CTA-P1-11-CLOSE,N/A,P1-11,N/A,action:close-modal,N/A,BOTH,390x844,1.0,mobile/test/features/vets/vet_screens_test.dart#write review sheet remains usable with keyboard open,N/A,N/A,442:473,N/A,CTA-P1-11-CLOSE matches its documented enabled state handler and fail-closed behavior,output-evidence/ui-v031/UI-CC-2026-07-21-G4B/W8/cta-row-proof-20260723/rows/CTA-P1-11-CLOSE.json,6C4C2EF91E5D3858E7D04A5B95F6E8D708395B8DCAEBC1BEB2D81FA493A18C6C,CTA_ROW_EXECUTION_MANIFEST,PASS,CTA-P1-11-CLOSE,TRUE,callback:closeVetReview,N/A,N/A,vets,2026-07-22T17:50:00+07:00,Codex deterministic evidence reconciliation; Product Owner G4B sign-off pending,cta-denominator;current_enabled=CONDITIONAL;test_status=PASS;proof_id=docs/qa/ui-v031/cta_matrix.csv#CTA-P1-11-CLOSE;cta_test_status=PASS;execution_overlay=docs/qa/ui-v031/ui_v031_trace_execution_overlay.csv
UI031-TRACE-CTA-P1-12-ADD-EVENT,UI031-ACTION-CTA-P1-12-ADD-EVENT,P1-IM-018-NAV,P1-12,RT-015,/health/events/new,N/A,BOTH,390x844,1.0,mobile/test/app/router/app_router_contract_test.dart#production router exposes the canonical route inventory,N/A,N/A,442:516,N/A,CTA-P1-12-ADD-EVENT matches its documented enabled state handler and fail-closed behavior,output-evidence/ui-v031/UI-CC-2026-07-21-G4B/W8/cta-row-proof-20260723/rows/CTA-P1-12-ADD-EVENT.json,562936F288E050B02BBEFFA52A16324CBA2E6349FC295788CBFE7D2545EF7C90,CTA_ROW_EXECUTION_MANIFEST,PASS,CTA-P1-12-ADD-EVENT,TRUE,route:/health/events/new,N/A,N/A,health,2026-07-22T17:50:00+07:00,Codex deterministic evidence reconciliation; Product Owner G4B sign-off pending,cta-denominator;current_enabled=CONDITIONAL;test_status=PASS;proof_id=docs/qa/ui-v031/cta_matrix.csv#CTA-P1-12-ADD-EVENT;cta_test_status=PASS;execution_overlay=docs/qa/ui-v031/ui_v031_trace_execution_overlay.csv
UI031-TRACE-CTA-P1-12-REMINDERS,UI031-ACTION-CTA-P1-12-REMINDERS,P1-IM-017-NAV,P1-12,RT-016,/health/reminders,N/A,BOTH,390x844,1.0,mobile/test/app/router/app_router_contract_test.dart#production router exposes the canonical route inventory,N/A,N/A,442:516,N/A,CTA-P1-12-REMINDERS matches its documented enabled state handler and fail-closed behavior,output-evidence/ui-v031/UI-CC-2026-07-21-G4B/W8/cta-row-proof-20260723/rows/CTA-P1-12-REMINDERS.json,C7E4B71F41367749C8BDB3E18DAAC0F89352AEA1276E926A18E8C588C9979967,CTA_ROW_EXECUTION_MANIFEST,PASS,CTA-P1-12-REMINDERS,TRUE,route:/health/reminders,N/A,N/A,health,2026-07-22T17:50:00+07:00,Codex deterministic evidence reconciliation; Product Owner G4B sign-off pending,cta-denominator;current_enabled=TRUE;test_status=PASS;proof_id=docs/qa/ui-v031/cta_matrix.csv#CTA-P1-12-REMINDERS;cta_test_status=PASS;execution_overlay=docs/qa/ui-v031/ui_v031_trace_execution_overlay.csv
UI031-TRACE-CTA-P1-12-NOTIFICATIONS,UI031-ACTION-CTA-P1-12-NOTIFICATIONS,P1-IM-020-NAV,P1-12,RT-017,/notifications,N/A,BOTH,390x844,1.0,mobile/test/app/router/app_router_contract_test.dart#production router exposes the canonical route inventory,N/A,N/A,442:516,N/A,CTA-P1-12-NOTIFICATIONS matches its documented enabled state handler and fail-closed behavior,output-evidence/ui-v031/UI-CC-2026-07-21-G4B/W8/cta-row-proof-20260723/rows/CTA-P1-12-NOTIFICATIONS.json,7916A9AA55F286300DED128C1E4216F9A3119C6E40BEBA6B68F46EEEB794A7BD,CTA_ROW_EXECUTION_MANIFEST,PASS,CTA-P1-12-NOTIFICATIONS,TRUE,route:/notifications,N/A,N/A,health,2026-07-22T17:50:00+07:00,Codex deterministic evidence reconciliation; Product Owner G4B sign-off pending,cta-denominator;current_enabled=TRUE;test_status=PASS;proof_id=docs/qa/ui-v031/cta_matrix.csv#CTA-P1-12-NOTIFICATIONS;cta_test_status=PASS;execution_overlay=docs/qa/ui-v031/ui_v031_trace_execution_overlay.csv
UI031-TRACE-CTA-P1-12-SETTINGS,UI031-ACTION-CTA-P1-12-SETTINGS,N/A,P1-12,N/A,unavailable:health-settings,N/A,BOTH,390x844,1.0,mobile/test/features/health/health_timeline_screen_test.dart#renders v0.27 health timeline shell without mobile overflow,N/A,N/A,442:516,N/A,CTA-P1-12-SETTINGS matches its documented enabled state handler and fail-closed behavior,output-evidence/ui-v031/UI-CC-2026-07-21-G4B/W8/cta-row-proof-20260723/rows/CTA-P1-12-SETTINGS.json,BB61442074E02E954E3CBF0A8662D58E5B978B4521DF1102D22BDCDD31740C89,CTA_ROW_EXECUTION_MANIFEST,PASS,CTA-P1-12-SETTINGS,TRUE,callback:showHealthSettingsUnavailable,N/A,N/A,health,2026-07-22T17:50:00+07:00,Codex deterministic evidence reconciliation; Product Owner G4B sign-off pending,cta-denominator;current_enabled=TRUE;test_status=PASS;proof_id=docs/qa/ui-v031/cta_matrix.csv#CTA-P1-12-SETTINGS;cta_test_status=PASS;execution_overlay=docs/qa/ui-v031/ui_v031_trace_execution_overlay.csv
UI031-TRACE-CTA-P1-13-SAVE,UI031-ACTION-CTA-P1-13-SAVE,P1-IM-019-NAV,P1-13,N/A,action:save-health-event,N/A,BOTH,390x844,1.0,mobile/test/features/health/health_timeline_screen_test.dart#health timeline opens P1-13 and creates a backend-backed event,N/A,N/A,442:589,N/A,CTA-P1-13-SAVE matches its documented enabled state handler and fail-closed behavior,output-evidence/ui-v031/UI-CC-2026-07-21-G4B/W8/cta-row-proof-20260723/rows/CTA-P1-13-SAVE.json,C8DF3CDC33451C770699264B7F911604DB86822AEAEDF91F66661D08CFED929B,CTA_ROW_EXECUTION_MANIFEST,PASS,CTA-P1-13-SAVE,TRUE,callback:submitHealthEvent,N/A,N/A,health,2026-07-22T17:50:00+07:00,Codex deterministic evidence reconciliation; Product Owner G4B sign-off pending,cta-denominator;current_enabled=CONDITIONAL;test_status=PASS;proof_id=docs/qa/ui-v031/cta_matrix.csv#CTA-P1-13-SAVE;cta_test_status=PASS;execution_overlay=docs/qa/ui-v031/ui_v031_trace_execution_overlay.csv
UI031-TRACE-CTA-P1-13-ADD-PET,UI031-ACTION-CTA-P1-13-ADD-PET,N/A,P1-13,RT-008,/pets/create,N/A,BOTH,390x844,1.0,mobile/test/app/router/app_router_contract_test.dart#production router exposes the canonical route inventory,N/A,N/A,442:589,N/A,CTA-P1-13-ADD-PET matches its documented enabled state handler and fail-closed behavior,output-evidence/ui-v031/UI-CC-2026-07-21-G4B/W8/cta-row-proof-20260723/rows/CTA-P1-13-ADD-PET.json,DBA5FB69535D202942BCD39C1109D134C373E093FB256A1C5D857DE7F59D6D14,CTA_ROW_EXECUTION_MANIFEST,PASS,CTA-P1-13-ADD-PET,TRUE,route:/pets/create,N/A,N/A,health,2026-07-22T17:50:00+07:00,Codex deterministic evidence reconciliation; Product Owner G4B sign-off pending,cta-denominator;current_enabled=TRUE;test_status=PASS;proof_id=docs/qa/ui-v031/cta_matrix.csv#CTA-P1-13-ADD-PET;cta_test_status=PASS;execution_overlay=docs/qa/ui-v031/ui_v031_trace_execution_overlay.csv
UI031-TRACE-CTA-P1-13-BACK,UI031-ACTION-CTA-P1-13-BACK,N/A,P1-13,RT-014,/health,N/A,BOTH,390x844,1.0,mobile/test/features/health/health_timeline_screen_test.dart#health timeline opens P1-13 and creates a backend-backed event,N/A,N/A,442:589,N/A,CTA-P1-13-BACK matches its documented enabled state handler and fail-closed behavior,output-evidence/ui-v031/UI-CC-2026-07-21-G4B/W8/cta-row-proof-20260723/rows/CTA-P1-13-BACK.json,343C61967BBBEA1A5C238514B3D335FA88D5E6C5675ACB6D7612406C8CFA7762,CTA_ROW_EXECUTION_MANIFEST,PASS,CTA-P1-13-BACK,TRUE,callback:popOrHealthRoot,N/A,N/A,health,2026-07-22T17:50:00+07:00,Codex deterministic evidence reconciliation; Product Owner G4B sign-off pending,cta-denominator;current_enabled=TRUE;test_status=PASS;proof_id=docs/qa/ui-v031/cta_matrix.csv#CTA-P1-13-BACK;cta_test_status=PASS;execution_overlay=docs/qa/ui-v031/ui_v031_trace_execution_overlay.csv
UI031-TRACE-CTA-P1-14-ADD-REMINDER,UI031-ACTION-CTA-P1-14-ADD-REMINDER,N/A,P1-14,N/A,action:create-reminder,N/A,BOTH,390x844,1.0,mobile/test/features/reminders/reminder_calendar_screen_test.dart#reminder create sheet stays usable with keyboard open,N/A,N/A,442:639,N/A,CTA-P1-14-ADD-REMINDER matches its documented enabled state handler and fail-closed behavior,output-evidence/ui-v031/UI-CC-2026-07-21-G4B/W8/cta-row-proof-20260723/rows/CTA-P1-14-ADD-REMINDER.json,A71CC01F3B0E3AD0E3CD6CF64E43E857A6B1CDD04D40079A0DBE72D3147E3E22,CTA_ROW_EXECUTION_MANIFEST,PASS,CTA-P1-14-ADD-REMINDER,TRUE,overlay:openReminderEditor,N/A,N/A,reminders,2026-07-22T17:50:00+07:00,Codex deterministic evidence reconciliation; Product Owner G4B sign-off pending,cta-denominator;current_enabled=CONDITIONAL;test_status=PASS;proof_id=docs/qa/ui-v031/cta_matrix.csv#CTA-P1-14-ADD-REMINDER;cta_test_status=PASS;execution_overlay=docs/qa/ui-v031/ui_v031_trace_execution_overlay.csv
UI031-TRACE-CTA-P1-14-BACK,UI031-ACTION-CTA-P1-14-BACK,N/A,P1-14,RT-014,/health,N/A,BOTH,390x844,1.0,mobile/test/features/reminders/reminder_calendar_screen_test.dart#renders v0.27 reminder calendar shell without mobile overflow,N/A,N/A,442:639,N/A,CTA-P1-14-BACK matches its documented enabled state handler and fail-closed behavior,output-evidence/ui-v031/UI-CC-2026-07-21-G4B/W8/cta-row-proof-20260723/rows/CTA-P1-14-BACK.json,875588E589C332CFE801A24727C34A7A403FADE360BB006AD35A059F3EF1B4C7,CTA_ROW_EXECUTION_MANIFEST,PASS,CTA-P1-14-BACK,TRUE,callback:popHealthBranchToRoot,N/A,N/A,reminders,2026-07-22T17:50:00+07:00,Codex deterministic evidence reconciliation; Product Owner G4B sign-off pending,cta-denominator;current_enabled=TRUE;test_status=PASS;proof_id=docs/qa/ui-v031/cta_matrix.csv#CTA-P1-14-BACK;cta_test_status=PASS;execution_overlay=docs/qa/ui-v031/ui_v031_trace_execution_overlay.csv
UI031-TRACE-CTA-P1-14-NOTIFICATIONS,UI031-ACTION-CTA-P1-14-NOTIFICATIONS,P1-IM-020-NAV,P1-14,RT-017,/notifications,N/A,BOTH,390x844,1.0,mobile/test/app/router/app_router_contract_test.dart#production router exposes the canonical route inventory,N/A,N/A,442:639,N/A,CTA-P1-14-NOTIFICATIONS matches its documented enabled state handler and fail-closed behavior,output-evidence/ui-v031/UI-CC-2026-07-21-G4B/W8/cta-row-proof-20260723/rows/CTA-P1-14-NOTIFICATIONS.json,590BB20C7BA8D761CDB216D36E00FF3A52F249270708AAF0B74526E6D3EF42D2,CTA_ROW_EXECUTION_MANIFEST,PASS,CTA-P1-14-NOTIFICATIONS,TRUE,route:/notifications,N/A,N/A,reminders,2026-07-22T17:50:00+07:00,Codex deterministic evidence reconciliation; Product Owner G4B sign-off pending,cta-denominator;current_enabled=TRUE;test_status=PASS;proof_id=docs/qa/ui-v031/cta_matrix.csv#CTA-P1-14-NOTIFICATIONS;cta_test_status=PASS;execution_overlay=docs/qa/ui-v031/ui_v031_trace_execution_overlay.csv
UI031-TRACE-CTA-P1-14-FILTER,UI031-ACTION-CTA-P1-14-FILTER,N/A,P1-14,N/A,action:filter-reminders,N/A,BOTH,390x844,1.0,mobile/test/features/reminders/reminder_calendar_screen_test.dart#Day 28 filters overdue reminders and syncs snooze/done,N/A,N/A,442:639,N/A,CTA-P1-14-FILTER matches its documented enabled state handler and fail-closed behavior,output-evidence/ui-v031/UI-CC-2026-07-21-G4B/W8/cta-row-proof-20260723/rows/CTA-P1-14-FILTER.json,5715EB5D116BB69B6DA58B6451CC0587BBC2018A42B4A8FE7FA1F6F0695D60A3,CTA_ROW_EXECUTION_MANIFEST,PASS,CTA-P1-14-FILTER,TRUE,overlay:openReminderFilter,N/A,N/A,reminders,2026-07-22T17:50:00+07:00,Codex deterministic evidence reconciliation; Product Owner G4B sign-off pending,cta-denominator;current_enabled=TRUE;test_status=PASS;proof_id=docs/qa/ui-v031/cta_matrix.csv#CTA-P1-14-FILTER;cta_test_status=PASS;execution_overlay=docs/qa/ui-v031/ui_v031_trace_execution_overlay.csv
UI031-TRACE-CTA-P1-14-PREVIOUS-MONTH,UI031-ACTION-CTA-P1-14-PREVIOUS-MONTH,N/A,P1-14,N/A,action:calendar-previous-month,N/A,BOTH,390x844,1.0,mobile/test/features/reminders/reminder_calendar_screen_test.dart#renders v0.27 reminder calendar shell without mobile overflow,N/A,N/A,442:639,N/A,CTA-P1-14-PREVIOUS-MONTH matches its documented enabled state handler and fail-closed behavior,output-evidence/ui-v031/UI-CC-2026-07-21-G4B/W8/cta-row-proof-20260723/rows/CTA-P1-14-PREVIOUS-MONTH.json,4849D5BDD439A966093B849431C3551585D623EF6E1FDC86F6B085426E23E304,CTA_ROW_EXECUTION_MANIFEST,PASS,CTA-P1-14-PREVIOUS-MONTH,TRUE,callback:showPreviousMonth,N/A,N/A,reminders,2026-07-22T17:50:00+07:00,Codex deterministic evidence reconciliation; Product Owner G4B sign-off pending,cta-denominator;current_enabled=TRUE;test_status=PASS;proof_id=docs/qa/ui-v031/cta_matrix.csv#CTA-P1-14-PREVIOUS-MONTH;cta_test_status=PASS;execution_overlay=docs/qa/ui-v031/ui_v031_trace_execution_overlay.csv
UI031-TRACE-CTA-P1-14-NEXT-MONTH,UI031-ACTION-CTA-P1-14-NEXT-MONTH,N/A,P1-14,N/A,action:calendar-next-month,N/A,BOTH,390x844,1.0,mobile/test/features/reminders/reminder_calendar_screen_test.dart#renders v0.27 reminder calendar shell without mobile overflow,N/A,N/A,442:639,N/A,CTA-P1-14-NEXT-MONTH matches its documented enabled state handler and fail-closed behavior,output-evidence/ui-v031/UI-CC-2026-07-21-G4B/W8/cta-row-proof-20260723/rows/CTA-P1-14-NEXT-MONTH.json,170C2B1A61EDEA4CB9822BD76D207B41E0F341AD92635F246F18FBC9812DA31F,CTA_ROW_EXECUTION_MANIFEST,PASS,CTA-P1-14-NEXT-MONTH,TRUE,callback:showNextMonth,N/A,N/A,reminders,2026-07-22T17:50:00+07:00,Codex deterministic evidence reconciliation; Product Owner G4B sign-off pending,cta-denominator;current_enabled=TRUE;test_status=PASS;proof_id=docs/qa/ui-v031/cta_matrix.csv#CTA-P1-14-NEXT-MONTH;cta_test_status=PASS;execution_overlay=docs/qa/ui-v031/ui_v031_trace_execution_overlay.csv
UI031-TRACE-CTA-P1-14-SAVE-REMINDER,UI031-ACTION-CTA-P1-14-SAVE-REMINDER,N/A,P1-14,N/A,action:save-reminder,N/A,BOTH,390x844,1.0,mobile/test/features/reminders/reminder_calendar_screen_test.dart#reminder create sheet stays usable with keyboard open,N/A,N/A,442:639,N/A,CTA-P1-14-SAVE-REMINDER matches its documented enabled state handler and fail-closed behavior,output-evidence/ui-v031/UI-CC-2026-07-21-G4B/W8/cta-row-proof-20260723/rows/CTA-P1-14-SAVE-REMINDER.json,5086382C79E445E6C741036F6E3C24F78791C67312A3AF7DDA02DE2A82B55724,CTA_ROW_EXECUTION_MANIFEST,PASS,CTA-P1-14-SAVE-REMINDER,TRUE,callback:createReminder,N/A,N/A,reminders,2026-07-22T17:50:00+07:00,Codex deterministic evidence reconciliation; Product Owner G4B sign-off pending,cta-denominator;current_enabled=CONDITIONAL;test_status=PASS;proof_id=docs/qa/ui-v031/cta_matrix.csv#CTA-P1-14-SAVE-REMINDER;cta_test_status=PASS;execution_overlay=docs/qa/ui-v031/ui_v031_trace_execution_overlay.csv
UI031-TRACE-CTA-P1-15-BACK,UI031-ACTION-CTA-P1-15-BACK,N/A,P1-15,N/A,action:back,N/A,BOTH,390x844,1.0,mobile/test/features/notifications/notification_center_screen_test.dart#P1-15 notification center renders v0.27 shell and groups items,N/A,N/A,442:732,N/A,CTA-P1-15-BACK matches its documented enabled state handler and fail-closed behavior,output-evidence/ui-v031/UI-CC-2026-07-21-G4B/W8/cta-row-proof-20260723/rows/CTA-P1-15-BACK.json,683C10D725734640878DD0188A1DA5D4345D9F5DFF244CC17279A9490D48F1CB,CTA_ROW_EXECUTION_MANIFEST,PASS,CTA-P1-15-BACK,TRUE,callback:popOrSafeNotificationReturn,N/A,N/A,notifications,2026-07-22T17:50:00+07:00,Codex deterministic evidence reconciliation; Product Owner G4B sign-off pending,cta-denominator;current_enabled=TRUE;test_status=PASS;proof_id=docs/qa/ui-v031/cta_matrix.csv#CTA-P1-15-BACK;cta_test_status=PASS;execution_overlay=docs/qa/ui-v031/ui_v031_trace_execution_overlay.csv
UI031-TRACE-CTA-P1-15-SETTINGS,UI031-ACTION-CTA-P1-15-SETTINGS,N/A,P1-15,RT-022,/profile,N/A,BOTH,390x844,1.0,mobile/test/app/router/app_router_contract_test.dart#production router exposes the canonical route inventory,N/A,N/A,442:732,N/A,CTA-P1-15-SETTINGS matches its documented enabled state handler and fail-closed behavior,output-evidence/ui-v031/UI-CC-2026-07-21-G4B/W8/cta-row-proof-20260723/rows/CTA-P1-15-SETTINGS.json,2747DF42714315250D7E0FAC90445BD64C0CD531247784BA3C97F87B99311CE1,CTA_ROW_EXECUTION_MANIFEST,PASS,CTA-P1-15-SETTINGS,TRUE,route:/profile,N/A,N/A,notifications,2026-07-22T17:50:00+07:00,Codex deterministic evidence reconciliation; Product Owner G4B sign-off pending,cta-denominator;current_enabled=TRUE;test_status=PASS;proof_id=docs/qa/ui-v031/cta_matrix.csv#CTA-P1-15-SETTINGS;cta_test_status=PASS;execution_overlay=docs/qa/ui-v031/ui_v031_trace_execution_overlay.csv
UI031-TRACE-CTA-P1-15-ITEM,UI031-ACTION-CTA-P1-15-ITEM,P1-IM-021-NAV,P1-15,N/A,registry:notification-target,N/A,BOTH,390x844,1.0,"mobile/test/features/notifications/notification_center_screen_test.dart#P1-15 taps notification, marks read, and routes to target",N/A,N/A,442:732,N/A,CTA-P1-15-ITEM matches its documented enabled state handler and fail-closed behavior,output-evidence/ui-v031/UI-CC-2026-07-21-G4B/W8/cta-row-proof-20260723/rows/CTA-P1-15-ITEM.json,E74EDCDF9C298B7D8F9BA1E48DEC68E7FD2BD2F61DECC8D6C64B0608D95716FD,CTA_ROW_EXECUTION_MANIFEST,PASS,CTA-P1-15-ITEM,TRUE,callback:openAllowlistedNotificationTarget,N/A,N/A,notifications,2026-07-22T17:50:00+07:00,Codex deterministic evidence reconciliation; Product Owner G4B sign-off pending,cta-denominator;current_enabled=CONDITIONAL;test_status=PASS;proof_id=docs/qa/ui-v031/cta_matrix.csv#CTA-P1-15-ITEM;cta_test_status=PASS;execution_overlay=docs/qa/ui-v031/ui_v031_trace_execution_overlay.csv
UI031-TRACE-CTA-P1-15-MARK-ALL,UI031-ACTION-CTA-P1-15-MARK-ALL,N/A,P1-15,N/A,action:mark-all-read,N/A,BOTH,390x844,1.0,mobile/test/features/notifications/notification_center_screen_test.dart#Day 28 marks all previous notifications read and clears badge,N/A,N/A,442:732,N/A,CTA-P1-15-MARK-ALL matches its documented enabled state handler and fail-closed behavior,output-evidence/ui-v031/UI-CC-2026-07-21-G4B/W8/cta-row-proof-20260723/rows/CTA-P1-15-MARK-ALL.json,BF5BE94591DF6CD1FFFDE1DD4E15D700B4F8CB8A47AC8280642E165A59948D23,CTA_ROW_EXECUTION_MANIFEST,PASS,CTA-P1-15-MARK-ALL,TRUE,callback:markAllNotificationsRead,N/A,N/A,notifications,2026-07-22T17:50:00+07:00,Codex deterministic evidence reconciliation; Product Owner G4B sign-off pending,cta-denominator;current_enabled=CONDITIONAL;test_status=PASS;proof_id=docs/qa/ui-v031/cta_matrix.csv#CTA-P1-15-MARK-ALL;cta_test_status=PASS;execution_overlay=docs/qa/ui-v031/ui_v031_trace_execution_overlay.csv
UI031-TRACE-CTA-P1-15-EMPTY-PROFILE,UI031-ACTION-CTA-P1-15-EMPTY-PROFILE,N/A,P1-15,RT-022,/profile,N/A,BOTH,390x844,1.0,mobile/test/app/router/app_router_contract_test.dart#production router exposes the canonical route inventory,N/A,N/A,442:732,N/A,CTA-P1-15-EMPTY-PROFILE matches its documented enabled state handler and fail-closed behavior,output-evidence/ui-v031/UI-CC-2026-07-21-G4B/W8/cta-row-proof-20260723/rows/CTA-P1-15-EMPTY-PROFILE.json,C34109C44FA90E88B4BFB8184AE87A3EA77E22026EF080021AEF4ABA6B707954,CTA_ROW_EXECUTION_MANIFEST,PASS,CTA-P1-15-EMPTY-PROFILE,TRUE,route:/profile,N/A,N/A,notifications,2026-07-22T17:50:00+07:00,Codex deterministic evidence reconciliation; Product Owner G4B sign-off pending,cta-denominator;current_enabled=TRUE;test_status=PASS;proof_id=docs/qa/ui-v031/cta_matrix.csv#CTA-P1-15-EMPTY-PROFILE;cta_test_status=PASS;execution_overlay=docs/qa/ui-v031/ui_v031_trace_execution_overlay.csv
UI031-TRACE-CTA-P1-15-EMPTY-MANAGE,UI031-ACTION-CTA-P1-15-EMPTY-MANAGE,N/A,P1-15,RT-022,/profile,N/A,BOTH,390x844,1.0,mobile/test/app/router/app_router_contract_test.dart#production router exposes the canonical route inventory,N/A,N/A,442:732,N/A,CTA-P1-15-EMPTY-MANAGE matches its documented enabled state handler and fail-closed behavior,output-evidence/ui-v031/UI-CC-2026-07-21-G4B/W8/cta-row-proof-20260723/rows/CTA-P1-15-EMPTY-MANAGE.json,BFF15C9A36A718E889D98A4C2423C899B689BA73B69059D3275E9E898BD826A9,CTA_ROW_EXECUTION_MANIFEST,PASS,CTA-P1-15-EMPTY-MANAGE,TRUE,route:/profile,N/A,N/A,notifications,2026-07-22T17:50:00+07:00,Codex deterministic evidence reconciliation; Product Owner G4B sign-off pending,cta-denominator;current_enabled=TRUE;test_status=PASS;proof_id=docs/qa/ui-v031/cta_matrix.csv#CTA-P1-15-EMPTY-MANAGE;cta_test_status=PASS;execution_overlay=docs/qa/ui-v031/ui_v031_trace_execution_overlay.csv
UI031-TRACE-CTA-P1-16-SETTINGS,UI031-ACTION-CTA-P1-16-SETTINGS,N/A,P1-16,RT-020,/profile/controls,N/A,BOTH,390x844,1.0,mobile/test/app/router/app_router_contract_test.dart#production router exposes the canonical route inventory,N/A,N/A,442:792,N/A,CTA-P1-16-SETTINGS matches its documented enabled state handler and fail-closed behavior,output-evidence/ui-v031/UI-CC-2026-07-21-G4B/W8/cta-row-proof-20260723/rows/CTA-P1-16-SETTINGS.json,E27C1AA0D666699B3CB4B6619922ECD1AC45D2277C627978D25D7FC0A0F4D390,CTA_ROW_EXECUTION_MANIFEST,PASS,CTA-P1-16-SETTINGS,TRUE,route:/profile/controls,N/A,N/A,profile,2026-07-22T17:50:00+07:00,Codex deterministic evidence reconciliation; Product Owner G4B sign-off pending,cta-denominator;current_enabled=TRUE;test_status=PASS;proof_id=docs/qa/ui-v031/cta_matrix.csv#CTA-P1-16-SETTINGS;cta_test_status=PASS;execution_overlay=docs/qa/ui-v031/ui_v031_trace_execution_overlay.csv
UI031-TRACE-CTA-P1-16-NOTIFICATIONS,UI031-ACTION-CTA-P1-16-NOTIFICATIONS,P1-IM-020-NAV,P1-16,RT-017,/notifications,N/A,BOTH,390x844,1.0,mobile/test/app/router/app_router_contract_test.dart#production router exposes the canonical route inventory,N/A,N/A,442:792,N/A,CTA-P1-16-NOTIFICATIONS matches its documented enabled state handler and fail-closed behavior,output-evidence/ui-v031/UI-CC-2026-07-21-G4B/W8/cta-row-proof-20260723/rows/CTA-P1-16-NOTIFICATIONS.json,66D8D798331D9B343E39F993B7CF348B8FE176AB8DE2E1DAE35F37858FE0DB47,CTA_ROW_EXECUTION_MANIFEST,PASS,CTA-P1-16-NOTIFICATIONS,TRUE,route:/notifications,N/A,N/A,profile,2026-07-22T17:50:00+07:00,Codex deterministic evidence reconciliation; Product Owner G4B sign-off pending,cta-denominator;current_enabled=TRUE;test_status=PASS;proof_id=docs/qa/ui-v031/cta_matrix.csv#CTA-P1-16-NOTIFICATIONS;cta_test_status=PASS;execution_overlay=docs/qa/ui-v031/ui_v031_trace_execution_overlay.csv
UI031-TRACE-CTA-P1-16-EDIT,UI031-ACTION-CTA-P1-16-EDIT,N/A,P1-16,RT-020,/profile/controls,N/A,BOTH,390x844,1.0,mobile/test/app/router/app_router_contract_test.dart#production router exposes the canonical route inventory,N/A,N/A,442:792,N/A,CTA-P1-16-EDIT matches its documented enabled state handler and fail-closed behavior,output-evidence/ui-v031/UI-CC-2026-07-21-G4B/W8/cta-row-proof-20260723/rows/CTA-P1-16-EDIT.json,4A91FA150C50B66EEED242C47C7226971037DC6E32AD55D435E9BA89B592B0EF,CTA_ROW_EXECUTION_MANIFEST,PASS,CTA-P1-16-EDIT,TRUE,route:/profile/controls,N/A,N/A,profile,2026-07-22T17:50:00+07:00,Codex deterministic evidence reconciliation; Product Owner G4B sign-off pending,cta-denominator;current_enabled=TRUE;test_status=PASS;proof_id=docs/qa/ui-v031/cta_matrix.csv#CTA-P1-16-EDIT;cta_test_status=PASS;execution_overlay=docs/qa/ui-v031/ui_v031_trace_execution_overlay.csv
UI031-TRACE-CTA-P1-16-PET-DETAIL,UI031-ACTION-CTA-P1-16-PET-DETAIL,N/A,P1-16,RT-010,/pets/:id,N/A,BOTH,390x844,1.0,mobile/test/app/router/app_router_contract_test.dart#production router exposes the canonical route inventory,N/A,N/A,442:792,N/A,CTA-P1-16-PET-DETAIL matches its documented enabled state handler and fail-closed behavior,output-evidence/ui-v031/UI-CC-2026-07-21-G4B/W8/cta-row-proof-20260723/rows/CTA-P1-16-PET-DETAIL.json,558B762645A45271904DB58009D18C10E27E76A1EAA21B119A9C1C204C222C6D,CTA_ROW_EXECUTION_MANIFEST,PASS,CTA-P1-16-PET-DETAIL,TRUE,route:/pets/:id,N/A,N/A,profile,2026-07-22T17:50:00+07:00,Codex deterministic evidence reconciliation; Product Owner G4B sign-off pending,cta-denominator;current_enabled=CONDITIONAL;test_status=PASS;proof_id=docs/qa/ui-v031/cta_matrix.csv#CTA-P1-16-PET-DETAIL;cta_test_status=PASS;execution_overlay=docs/qa/ui-v031/ui_v031_trace_execution_overlay.csv
UI031-TRACE-CTA-P1-16-PRIVACY,UI031-ACTION-CTA-P1-16-PRIVACY,N/A,P1-16,RT-021,/profile/privacy,N/A,BOTH,390x844,1.0,mobile/test/app/router/app_router_contract_test.dart#production router exposes the canonical route inventory,N/A,N/A,442:792,N/A,CTA-P1-16-PRIVACY matches its documented enabled state handler and fail-closed behavior,output-evidence/ui-v031/UI-CC-2026-07-21-G4B/W8/cta-row-proof-20260723/rows/CTA-P1-16-PRIVACY.json,9D5F7FBCD7CBF9D08487872369C81E9B6D82BA98E4B54059AF4F012FFAC1FD8C,CTA_ROW_EXECUTION_MANIFEST,PASS,CTA-P1-16-PRIVACY,TRUE,route:/profile/privacy,N/A,N/A,profile,2026-07-22T17:50:00+07:00,Codex deterministic evidence reconciliation; Product Owner G4B sign-off pending,cta-denominator;current_enabled=TRUE;test_status=PASS;proof_id=docs/qa/ui-v031/cta_matrix.csv#CTA-P1-16-PRIVACY;cta_test_status=PASS;execution_overlay=docs/qa/ui-v031/ui_v031_trace_execution_overlay.csv
UI031-TRACE-CTA-P1-16-REMINDERS,UI031-ACTION-CTA-P1-16-REMINDERS,N/A,P1-16,RT-016,/health/reminders,N/A,BOTH,390x844,1.0,mobile/test/app/router/app_router_contract_test.dart#production router exposes the canonical route inventory,N/A,N/A,442:792,N/A,CTA-P1-16-REMINDERS matches its documented enabled state handler and fail-closed behavior,output-evidence/ui-v031/UI-CC-2026-07-21-G4B/W8/cta-row-proof-20260723/rows/CTA-P1-16-REMINDERS.json,D3D821D9FF80241E254EA88D5BABCAEDB4BFCCFC20F66F4829017FB26BB8FD19,CTA_ROW_EXECUTION_MANIFEST,PASS,CTA-P1-16-REMINDERS,TRUE,route:/health/reminders,N/A,N/A,profile,2026-07-22T17:50:00+07:00,Codex deterministic evidence reconciliation; Product Owner G4B sign-off pending,cta-denominator;current_enabled=TRUE;test_status=PASS;proof_id=docs/qa/ui-v031/cta_matrix.csv#CTA-P1-16-REMINDERS;cta_test_status=PASS;execution_overlay=docs/qa/ui-v031/ui_v031_trace_execution_overlay.csv
UI031-TRACE-CTA-P1-16-VETS,UI031-ACTION-CTA-P1-16-VETS,N/A,P1-16,RT-012,/vets/list,N/A,BOTH,390x844,1.0,mobile/test/app/router/app_router_contract_test.dart#production router exposes the canonical route inventory,N/A,N/A,442:792,N/A,CTA-P1-16-VETS matches its documented enabled state handler and fail-closed behavior,output-evidence/ui-v031/UI-CC-2026-07-21-G4B/W8/cta-row-proof-20260723/rows/CTA-P1-16-VETS.json,8459905CB3EA5588B3BFB3102F4C566D0E85D3F620B68B2439AD4630B3BB8BDB,CTA_ROW_EXECUTION_MANIFEST,PASS,CTA-P1-16-VETS,TRUE,route:/vets/list,N/A,N/A,profile,2026-07-22T17:50:00+07:00,Codex deterministic evidence reconciliation; Product Owner G4B sign-off pending,cta-denominator;current_enabled=TRUE;test_status=PASS;proof_id=docs/qa/ui-v031/cta_matrix.csv#CTA-P1-16-VETS;cta_test_status=PASS;execution_overlay=docs/qa/ui-v031/ui_v031_trace_execution_overlay.csv
UI031-TRACE-CTA-P1-16-LOGOUT,UI031-ACTION-CTA-P1-16-LOGOUT,N/A,P1-16,RT-003,/auth/login,N/A,BOTH,390x844,1.0,mobile/test/app/router/auth_route_guard_test.dart#logout clears session and blocks protected navigation,N/A,N/A,442:792,N/A,CTA-P1-16-LOGOUT matches its documented enabled state handler and fail-closed behavior,output-evidence/ui-v031/UI-CC-2026-07-21-G4B/W8/cta-row-proof-20260723/rows/CTA-P1-16-LOGOUT.json,D24CD3CD7B83D3B3E94C3E85AC265A7B4E0E3D05E16D3D1A7820B418B3D65281,CTA_ROW_EXECUTION_MANIFEST,PASS,CTA-P1-16-LOGOUT,TRUE,callback:logoutAndClearBranches,N/A,N/A,profile,2026-07-22T17:50:00+07:00,Codex deterministic evidence reconciliation; Product Owner G4B sign-off pending,cta-denominator;current_enabled=CONDITIONAL;test_status=PASS;proof_id=docs/qa/ui-v031/cta_matrix.csv#CTA-P1-16-LOGOUT;cta_test_status=PASS;execution_overlay=docs/qa/ui-v031/ui_v031_trace_execution_overlay.csv
UI031-TRACE-CTA-P2-01-NOTIFICATIONS,UI031-ACTION-CTA-P2-01-NOTIFICATIONS,P1-IM-020-NAV,P2-01,RT-017,/notifications,N/A,BOTH,390x844,1.0,mobile/test/app/router/app_router_contract_test.dart#production router exposes the canonical route inventory,N/A,N/A,442:855,N/A,CTA-P2-01-NOTIFICATIONS matches its documented enabled state handler and fail-closed behavior,output-evidence/ui-v031/UI-CC-2026-07-21-G4B/W8/cta-row-proof-20260723/rows/CTA-P2-01-NOTIFICATIONS.json,BAA6026FAD599955D229C27F61D48D1DDE34010601B890856538AD088F51D021,CTA_ROW_EXECUTION_MANIFEST,PASS,CTA-P2-01-NOTIFICATIONS,TRUE,route:/notifications,N/A,N/A,rescue,2026-07-22T17:50:00+07:00,Codex deterministic evidence reconciliation; Product Owner G4B sign-off pending,cta-denominator;current_enabled=TRUE;test_status=PASS;proof_id=docs/qa/ui-v031/cta_matrix.csv#CTA-P2-01-NOTIFICATIONS;cta_test_status=PASS;execution_overlay=docs/qa/ui-v031/ui_v031_trace_execution_overlay.csv
UI031-TRACE-CTA-P2-01-POST-ALERT,UI031-ACTION-CTA-P2-01-POST-ALERT,P2-IM-002-NAV,P2-01,RT-024,/rescue/create,N/A,BOTH,390x844,1.0,mobile/test/features/rescue/rescue_home_screen_test.dart#rescue home fails closed without fabricated cases,mobile/test/visual/goldens/ui-v031-rescue/rescue-staged-390x844.png,9FEC9128DB8C95B049720BA217C03F6F4451E48AABF4ED9FA492B680418E6DF6,442:855,N/A,CTA-P2-01-POST-ALERT matches its documented enabled state handler and fail-closed behavior,output-evidence/ui-v031/UI-CC-2026-07-21-G4B/W6/trace-row-reconciliation-20260722/rescue-cta-and-golden-6-pass.raw.txt,CF913C529B7B64B01DDB55FCAD8CBD35A196119271B98E9E4F2FBEED930CAFB1,CTA_FAIL_CLOSED_TEST_AND_GOLDEN,PASS,CTA-P2-01-POST-ALERT,FALSE,disabled:featureUnavailable,PAWMATE_RESCUE_CREATE_ENABLED=false,N/A,rescue,2026-07-22T17:50:00+07:00,Codex deterministic evidence reconciliation; Product Owner G4B sign-off pending,cta-denominator;current_enabled=FALSE;test_status=PASS;proof_id=docs/qa/ui-v031/cta_matrix.csv#CTA-P2-01-POST-ALERT;cta_test_status=PASS;execution_overlay=docs/qa/ui-v031/ui_v031_trace_execution_overlay.csv
UI031-TRACE-CTA-P2-01-BROWSE-MAP,UI031-ACTION-CTA-P2-01-BROWSE-MAP,N/A,P2-01,RT-026,/rescue/map,N/A,BOTH,390x844,1.0,mobile/test/features/rescue/rescue_home_screen_test.dart#rescue home fails closed without fabricated cases,N/A,N/A,442:855,N/A,CTA-P2-01-BROWSE-MAP matches its documented enabled state handler and fail-closed behavior,output-evidence/ui-v031/UI-CC-2026-07-21-G4B/W8/cta-row-proof-20260723/rows/CTA-P2-01-BROWSE-MAP.json,7439B1144463BA7ACC067FEB08DFBF36BD262ED8B2D6929064008E2E494D236A,CTA_ROW_EXECUTION_MANIFEST,PASS,CTA-P2-01-BROWSE-MAP,FALSE,disabled:featureUnavailable,PAWMATE_RESCUE_BROWSE_ENABLED=false,N/A,rescue,2026-07-22T17:50:00+07:00,Codex deterministic evidence reconciliation; Product Owner G4B sign-off pending,cta-denominator;current_enabled=FALSE;test_status=PASS;proof_id=docs/qa/ui-v031/cta_matrix.csv#CTA-P2-01-BROWSE-MAP;cta_test_status=PASS;execution_overlay=docs/qa/ui-v031/ui_v031_trace_execution_overlay.csv
UI031-TRACE-CTA-P2-01-OPEN-CASE,UI031-ACTION-CTA-P2-01-OPEN-CASE,N/A,P2-01,RT-027,/rescue/:caseId,N/A,BOTH,390x844,1.0,mobile/test/features/rescue/rescue_home_screen_test.dart#rescue home fails closed without fabricated cases,N/A,N/A,442:855,N/A,CTA-P2-01-OPEN-CASE matches its documented enabled state handler and fail-closed behavior,output-evidence/ui-v031/UI-CC-2026-07-21-G4B/W8/cta-row-proof-20260723/rows/CTA-P2-01-OPEN-CASE.json,4A6D75A51B7380EBF598004188766AB622D0F49B5772A36A192FDB3C71A7772F,CTA_ROW_EXECUTION_MANIFEST,PASS,CTA-P2-01-OPEN-CASE,FALSE,disabled:featureUnavailable,PAWMATE_RESCUE_BROWSE_ENABLED=false,N/A,rescue,2026-07-22T17:50:00+07:00,Codex deterministic evidence reconciliation; Product Owner G4B sign-off pending,cta-denominator;current_enabled=FALSE;test_status=PASS;proof_id=docs/qa/ui-v031/cta_matrix.csv#CTA-P2-01-OPEN-CASE;cta_test_status=PASS;execution_overlay=docs/qa/ui-v031/ui_v031_trace_execution_overlay.csv
UI031-TRACE-CTA-P2-02-CREATE,UI031-ACTION-CTA-P2-02-CREATE,P2-IM-002-NAV,P2-02,RT-025,/rescue/create/details,N/A,DESIGN,390x844,1.0,mobile/test/features/rescue/rescue_home_screen_test.dart#rescue home fails closed without fabricated cases,N/A,N/A,442:908,N/A,CTA-P2-02-CREATE matches its documented enabled state handler and fail-closed behavior,output-evidence/ui-v031/UI-CC-2026-07-21-G4B/W8/cta-row-proof-20260723/rows/CTA-P2-02-CREATE.json,4CFCE0A6C85753051D336A55500B11DDEC2B7DC6C0C89D70EBE77CABB0A43452,CTA_ROW_EXECUTION_MANIFEST,PASS,CTA-P2-02-CREATE,FALSE,disabled:featureUnavailable,PAWMATE_RESCUE_CREATE_ENABLED=false,N/A,rescue,2026-07-22T17:50:00+07:00,Codex deterministic evidence reconciliation; Product Owner G4B sign-off pending,cta-denominator;current_enabled=FALSE;test_status=PASS;proof_id=docs/qa/ui-v031/cta_matrix.csv#CTA-P2-02-CREATE;cta_test_status=PASS;execution_overlay=docs/qa/ui-v031/ui_v031_trace_execution_overlay.csv
UI031-TRACE-A11Y-AUTH,UI031-A11Y-AUTH,N/A,P1-02,RT-003,/auth/login,N/A,ANDROID,390x844,2.0,Android TalkBack live traversal at text scale 2.0,N/A,N/A,442:23,android-api36-A11Y-AUTH-20260723,TalkBack and VoiceOver announce labels errors loading and focus order at text scale 2.0; VoiceOver real-device proof is deferred to G4C,output-evidence/ui-v031/UI-CC-2026-07-21-G4B/W8/talkback-journeys-20260723/A11Y-AUTH.manifest.json,9486F410B8843EEE83B4D05FA00244D68E1DCFA4A4DA835F34C46EA3BA337D12,ANDROID_TALKBACK_JOURNEY_MANIFEST,PASS,N/A,N/A,N/A,N/A,A11Y-AUTH,auth,2026-07-23T04:41:31.179Z,Codex deterministic evidence reconciliation; Product Owner G4B sign-off pending,accessibility-denominator;G4B=TalkBack;G4C=VoiceOver;requires Android TalkBack evidence before PASS;proof_id=output-evidence/ui-v031/UI-CC-2026-07-21-G4B/W8/talkback-journeys-20260723/talkback-journey-index.json#A11Y-AUTH;talkback_version=16.0.0.738667889;apk_sha256=8742CE8708BBD8DB27D89E2D6E25D4BF20E0419D45190020E0ECD6C1670E1237;execution_overlay=docs/qa/ui-v031/ui_v031_trace_execution_overlay.csv
UI031-TRACE-A11Y-HOME,UI031-A11Y-HOME,N/A,P1-07,RT-006,/pets,N/A,ANDROID,390x844,2.0,Android TalkBack live traversal at text scale 2.0,N/A,N/A,442:198,android-api36-A11Y-HOME-20260723,HOME cards and five-tab navigation keep logical semantics focus order and 48dp touch targets at text scale 2.0; VoiceOver real-device proof is deferred to G4C,output-evidence/ui-v031/UI-CC-2026-07-21-G4B/W8/talkback-journeys-20260723/A11Y-HOME.manifest.json,41E46679FCE1DB5CB834966DE5D8C76B5B86B90804BFE67C2706BC8CE2284B05,ANDROID_TALKBACK_JOURNEY_MANIFEST,PASS,N/A,N/A,N/A,N/A,A11Y-HOME,pets,2026-07-23T04:41:31.179Z,Codex deterministic evidence reconciliation; Product Owner G4B sign-off pending,accessibility-denominator;G4B=TalkBack;G4C=VoiceOver;requires Android TalkBack evidence before PASS;proof_id=output-evidence/ui-v031/UI-CC-2026-07-21-G4B/W8/talkback-journeys-20260723/talkback-journey-index.json#A11Y-HOME;talkback_version=16.0.0.738667889;apk_sha256=8742CE8708BBD8DB27D89E2D6E25D4BF20E0419D45190020E0ECD6C1670E1237;execution_overlay=docs/qa/ui-v031/ui_v031_trace_execution_overlay.csv
UI031-TRACE-A11Y-VET,UI031-A11Y-VET,N/A,P1-08,RT-011,/vets/map,N/A,ANDROID,390x844,2.0,Android TalkBack live traversal at text scale 2.0,N/A,N/A,442:275,android-api36-A11Y-VET-20260723,VET map has a list alternative and never relies only on pin color or location permission; VoiceOver real-device proof is deferred to G4C,output-evidence/ui-v031/UI-CC-2026-07-21-G4B/W8/talkback-journeys-20260723/A11Y-VET.manifest.json,6B1429EE939A1697152159D9BB90FA3B5DFEF2B654E00E26AB8A132F9A8CB3F1,ANDROID_TALKBACK_JOURNEY_MANIFEST,PASS,N/A,N/A,N/A,N/A,A11Y-VET,vets,2026-07-23T04:41:31.179Z,Codex deterministic evidence reconciliation; Product Owner G4B sign-off pending,accessibility-denominator;G4B=TalkBack;G4C=VoiceOver;requires Android TalkBack evidence before PASS;proof_id=output-evidence/ui-v031/UI-CC-2026-07-21-G4B/W8/talkback-journeys-20260723/talkback-journey-index.json#A11Y-VET;talkback_version=16.0.0.738667889;apk_sha256=8742CE8708BBD8DB27D89E2D6E25D4BF20E0419D45190020E0ECD6C1670E1237;execution_overlay=docs/qa/ui-v031/ui_v031_trace_execution_overlay.csv
UI031-TRACE-A11Y-HEALTH,UI031-A11Y-HEALTH,N/A,P1-12,RT-014,/health,N/A,ANDROID,390x844,2.0,Android TalkBack live traversal at text scale 2.0,N/A,N/A,442:516,android-api36-A11Y-HEALTH-20260723,HEALTH timeline reminder and add action remain operable and readable at text scale 2.0; VoiceOver real-device proof is deferred to G4C,output-evidence/ui-v031/UI-CC-2026-07-21-G4B/W8/talkback-journeys-20260723/A11Y-HEALTH.manifest.json,D59785C699F59DC6D5826355884A52E0C9AF6A329F7F72F5D82F6565AEF88321,ANDROID_TALKBACK_JOURNEY_MANIFEST,PASS,N/A,N/A,N/A,N/A,A11Y-HEALTH,health,2026-07-23T04:41:31.179Z,Codex deterministic evidence reconciliation; Product Owner G4B sign-off pending,accessibility-denominator;G4B=TalkBack;G4C=VoiceOver;requires Android TalkBack evidence before PASS;proof_id=output-evidence/ui-v031/UI-CC-2026-07-21-G4B/W8/talkback-journeys-20260723/talkback-journey-index.json#A11Y-HEALTH;talkback_version=16.0.0.738667889;apk_sha256=8742CE8708BBD8DB27D89E2D6E25D4BF20E0419D45190020E0ECD6C1670E1237;execution_overlay=docs/qa/ui-v031/ui_v031_trace_execution_overlay.csv
UI031-TRACE-A11Y-NOTIFICATIONS,UI031-A11Y-NOTIFICATIONS,N/A,P1-15,RT-017,/notifications,N/A,ANDROID,390x844,2.0,Android TalkBack live traversal at text scale 2.0,N/A,N/A,442:732,android-api36-A11Y-NOTIFICATIONS-20260723,Notification read state errors and dynamic targets are announced without color-only meaning; VoiceOver real-device proof is deferred to G4C,output-evidence/ui-v031/UI-CC-2026-07-21-G4B/W8/talkback-journeys-20260723/A11Y-NOTIFICATIONS.manifest.json,CC93C2DF37450663F2DB370E31A35D1CF317B91AB20EF53DAC03ED2A2D74C712,ANDROID_TALKBACK_JOURNEY_MANIFEST,PASS,N/A,N/A,N/A,N/A,A11Y-NOTIFICATIONS,notifications,2026-07-23T04:41:31.179Z,Codex deterministic evidence reconciliation; Product Owner G4B sign-off pending,accessibility-denominator;G4B=TalkBack;G4C=VoiceOver;requires Android TalkBack evidence before PASS;proof_id=output-evidence/ui-v031/UI-CC-2026-07-21-G4B/W8/talkback-journeys-20260723/talkback-journey-index.json#A11Y-NOTIFICATIONS;talkback_version=16.0.0.738667889;apk_sha256=8742CE8708BBD8DB27D89E2D6E25D4BF20E0419D45190020E0ECD6C1670E1237;execution_overlay=docs/qa/ui-v031/ui_v031_trace_execution_overlay.csv
UI031-TRACE-A11Y-PROFILE,UI031-A11Y-PROFILE,N/A,P1-16,RT-022,/profile,N/A,ANDROID,390x844,2.0,Android TalkBack live traversal at text scale 2.0,N/A,N/A,442:792,android-api36-A11Y-PROFILE-20260723,PROFILE rows expose button roles selected state and honest unavailable destinations at text scale 2.0; VoiceOver real-device proof is deferred to G4C,output-evidence/ui-v031/UI-CC-2026-07-21-G4B/W8/talkback-journeys-20260723/A11Y-PROFILE.manifest.json,F702A56B090AAC953F78D46128BCC487755E4598B16155F953C4A2CF9E0C2325,ANDROID_TALKBACK_JOURNEY_MANIFEST,PASS,N/A,N/A,N/A,N/A,A11Y-PROFILE,profile,2026-07-23T04:41:31.179Z,Codex deterministic evidence reconciliation; Product Owner G4B sign-off pending,accessibility-denominator;G4B=TalkBack;G4C=VoiceOver;requires Android TalkBack evidence before PASS;proof_id=output-evidence/ui-v031/UI-CC-2026-07-21-G4B/W8/talkback-journeys-20260723/talkback-journey-index.json#A11Y-PROFILE;talkback_version=16.0.0.738667889;apk_sha256=8742CE8708BBD8DB27D89E2D6E25D4BF20E0419D45190020E0ECD6C1670E1237;execution_overlay=docs/qa/ui-v031/ui_v031_trace_execution_overlay.csv
UI031-TRACE-A11Y-RESCUE,UI031-A11Y-RESCUE,N/A,P2-01,RT-023,/rescue,N/A,ANDROID,390x844,2.0,Android TalkBack live traversal at text scale 2.0,N/A,N/A,442:855,android-api36-A11Y-RESCUE-20260723,RESCUE staged state announces feature availability and never exposes exact location or an enabled inert CTA; VoiceOver real-device proof is deferred to G4C,output-evidence/ui-v031/UI-CC-2026-07-21-G4B/W8/talkback-journeys-20260723/A11Y-RESCUE.manifest.json,158C380A928A01E8F8CF75EFD8C059E7F08338AC2EC1E973E34B71367F5EEAFE,ANDROID_TALKBACK_JOURNEY_MANIFEST,PASS,N/A,N/A,N/A,N/A,A11Y-RESCUE,rescue,2026-07-23T04:41:31.179Z,Codex deterministic evidence reconciliation; Product Owner G4B sign-off pending,accessibility-denominator;G4B=TalkBack;G4C=VoiceOver;requires Android TalkBack evidence before PASS;proof_id=output-evidence/ui-v031/UI-CC-2026-07-21-G4B/W8/talkback-journeys-20260723/talkback-journey-index.json#A11Y-RESCUE;talkback_version=16.0.0.738667889;apk_sha256=8742CE8708BBD8DB27D89E2D6E25D4BF20E0419D45190020E0ECD6C1670E1237;execution_overlay=docs/qa/ui-v031/ui_v031_trace_execution_overlay.csv
